file_id,image_path,mask_path,height,width,teeth_count,fg_ratio,status
1,./data/raw/images\sample_1.jpg,./data/raw/tooth_masks\sample_1.png,1024,2041,21,0.0998844967234199,success
10,./data/raw/images\sample_10.jpg,./data/raw/tooth_masks\sample_10.png,1024,2041,20,0.10808838727951985,success
100,./data/raw/images\sample_100.jpg,./data/raw/tooth_masks\sample_100.png,1024,2041,16,0.0640751316756492,success
101,./data/raw/images\sample_101.jpg,./data/raw/tooth_masks\sample_101.png,1024,2041,19,0.07722690700024498,success
102,./data/raw/images\sample_102.jpg,./data/raw/tooth_masks\sample_102.png,1024,2041,32,0.16813525845173935,success
103,./data/raw/images\sample_103.jpg,./data/raw/tooth_masks\sample_103.png,1024,2041,17,0.08057908577290544,success
104,./data/raw/images\sample_104.jpg,./data/raw/tooth_masks\sample_104.png,1024,2041,32,0.19783835665727584,success
105,./data/raw/images\sample_105.jpg,./data/raw/tooth_masks\sample_105.png,1024,2041,26,0.12812107652498775,success
106,./data/raw/images\sample_106.jpg,./data/raw/tooth_masks\sample_106.png,1024,2041,16,0.08062071288584027,success
107,./data/raw/images\sample_107.jpg,./data/raw/tooth_masks\sample_107.png,1024,2041,13,0.049768802057814795,success
108,./data/raw/images\sample_108.jpg,./data/raw/tooth_masks\sample_108.png,1024,2038,27,0.1526614442774779,success
109,./data/raw/images\sample_109.jpg,./data/raw/tooth_masks\sample_109.png,1024,2041,23,0.11426833889637433,success
11,./data/raw/images\sample_11.jpg,./data/raw/tooth_masks\sample_11.png,1024,2041,18,0.1105501286134248,success
110,./data/raw/images\sample_110.jpg,./data/raw/tooth_masks\sample_110.png,1024,2038,27,0.19047185506624142,success
111,./data/raw/images\sample_111.jpg,./data/raw/tooth_masks\sample_111.png,1024,2041,23,0.13870967433243508,success
112,./data/raw/images\sample_112.jpg,./data/raw/tooth_masks\sample_112.png,1024,2041,25,0.13582113547280744,success
113,./data/raw/images\sample_113.jpg,./data/raw/tooth_masks\sample_113.png,1024,2041,25,0.14203027391597256,success
114,./data/raw/images\sample_114.jpg,./data/raw/tooth_masks\sample_114.png,1024,2041,27,0.18978040023272905,success
115,./data/raw/images\sample_115.jpg,./data/raw/tooth_masks\sample_115.png,1024,2041,28,0.16328067583292505,success
116,./data/raw/images\sample_116.jpg,./data/raw/tooth_masks\sample_116.png,1024,2041,20,0.11415254853625674,success
117,./data/raw/images\sample_117.jpg,./data/raw/tooth_masks\sample_117.png,1024,2041,14,0.059734428588927,success
118,./data/raw/images\sample_118.jpg,./data/raw/tooth_masks\sample_118.png,1024,2041,29,0.18123535873958843,success
119,./data/raw/images\sample_119.jpg,./data/raw/tooth_masks\sample_119.png,1024,2041,17,0.09903042319941205,success
12,./data/raw/images\sample_12.jpg,./data/raw/tooth_masks\sample_12.png,1024,2041,31,0.1661859612322391,success
120,./data/raw/images\sample_120.jpg,./data/raw/tooth_masks\sample_120.png,1024,2043,22,0.11222916284263339,success
121,./data/raw/images\sample_121.jpg,./data/raw/tooth_masks\sample_121.png,1024,1852,31,0.21144687331263498,success
122,./data/raw/images\sample_122.jpg,./data/raw/tooth_masks\sample_122.png,1024,2041,10,0.04078404427976482,success
123,./data/raw/images\sample_123.jpg,./data/raw/tooth_masks\sample_123.png,1024,2041,21,0.10635440271313082,success
124,./data/raw/images\sample_124.jpg,./data/raw/tooth_masks\sample_124.png,1024,1850,30,0.1793306587837838,success
125,./data/raw/images\sample_125.jpg,./data/raw/tooth_masks\sample_125.png,1024,2041,17,0.08837388228809408,success
126,./data/raw/images\sample_126.jpg,./data/raw/tooth_masks\sample_126.png,1024,2043,28,0.1799680884422418,success
127,./data/raw/images\sample_127.jpg,./data/raw/tooth_masks\sample_127.png,1024,2041,30,0.1842157643312102,success
128,./data/raw/images\sample_128.jpg,./data/raw/tooth_masks\sample_128.png,1024,2041,19,0.12056216698309652,success
129,./data/raw/images\sample_129.jpg,./data/raw/tooth_masks\sample_129.png,1024,2041,11,0.0678311412910338,success
13,./data/raw/images\sample_13.jpg,./data/raw/tooth_masks\sample_13.png,1024,2041,22,0.11486690807202352,success
130,./data/raw/images\sample_130.jpg,./data/raw/tooth_masks\sample_130.png,1024,2041,25,0.12854404627021068,success
131,./data/raw/images\sample_131.jpg,./data/raw/tooth_masks\sample_131.png,1024,2041,27,0.1535533286379226,success
132,./data/raw/images\sample_132.jpg,./data/raw/tooth_masks\sample_132.png,1024,2041,31,0.1545844370100441,success
133,./data/raw/images\sample_133.jpg,./data/raw/tooth_masks\sample_133.png,1024,2041,31,0.16267923582190102,success
134,./data/raw/images\sample_134.jpg,./data/raw/tooth_masks\sample_134.png,1024,2041,30,0.17321855095541402,success
135,./data/raw/images\sample_135.jpg,./data/raw/tooth_masks\sample_135.png,1024,2041,25,0.1426843459088682,success
136,./data/raw/images\sample_136.jpg,./data/raw/tooth_masks\sample_136.png,1024,2041,24,0.15542559177486526,success
137,./data/raw/images\sample_137.jpg,./data/raw/tooth_masks\sample_137.png,1024,2041,31,0.210882475655316,success
138,./data/raw/images\sample_138.jpg,./data/raw/tooth_masks\sample_138.png,1024,2041,29,0.18131813449289563,success
139,./data/raw/images\sample_139.jpg,./data/raw/tooth_masks\sample_139.png,1024,2041,29,0.1518872871754042,success
14,./data/raw/images\sample_14.jpg,./data/raw/tooth_masks\sample_14.png,1024,1852,29,0.19074870494735421,success
140,./data/raw/images\sample_140.jpg,./data/raw/tooth_masks\sample_140.png,1024,2041,5,0.02415185953576678,success
141,./data/raw/images\sample_141.jpg,./data/raw/tooth_masks\sample_141.png,1024,2041,19,0.08408533271068104,success
142,./data/raw/images\sample_142.jpg,./data/raw/tooth_masks\sample_142.png,1024,2041,31,0.19621011452719256,success
143,./data/raw/images\sample_143.jpg,./data/raw/tooth_masks\sample_143.png,1024,2041,21,0.12389090060019599,success
144,./data/raw/images\sample_144.jpg,./data/raw/tooth_masks\sample_144.png,1024,2041,14,0.06251674653968643,success
145,./data/raw/images\sample_145.jpg,./data/raw/tooth_masks\sample_145.png,1024,2041,21,0.10619746371264087,success
146,./data/raw/images\sample_146.jpg,./data/raw/tooth_masks\sample_146.png,1024,2041,13,0.0657062446411073,success
147,./data/raw/images\sample_147.jpg,./data/raw/tooth_masks\sample_147.png,1024,2041,30,0.20108192215825577,success
148,./data/raw/images\sample_148.jpg,./data/raw/tooth_masks\sample_148.png,1024,2041,32,0.2054484627633513,success
149,./data/raw/images\sample_149.jpg,./data/raw/tooth_masks\sample_149.png,1024,2041,32,0.23104243860240078,success
15,./data/raw/images\sample_15.jpg,./data/raw/tooth_masks\sample_15.png,1024,2041,29,0.15767680518128369,success
150,./data/raw/images\sample_150.jpg,./data/raw/tooth_masks\sample_150.png,1024,2041,30,0.1721362460191083,success
151,./data/raw/images\sample_151.jpg,./data/raw/tooth_masks\sample_151.png,1024,2041,32,0.1872674623346399,success
152,./data/raw/images\sample_152.jpg,./data/raw/tooth_masks\sample_152.png,1024,2041,30,0.17325826417809898,success
153,./data/raw/images\sample_153.jpg,./data/raw/tooth_masks\sample_153.png,1024,2041,10,0.0417218505022048,success
154,./data/raw/images\sample_154.jpg,./data/raw/tooth_masks\sample_154.png,1024,2041,1,0.003299546790788829,success
155,./data/raw/images\sample_155.jpg,./data/raw/tooth_masks\sample_155.png,1024,2038,11,0.06543352091511286,success
156,./data/raw/images\sample_156.jpg,./data/raw/tooth_masks\sample_156.png,1024,2041,16,0.07434076050342969,success
157,./data/raw/images\sample_157.jpg,./data/raw/tooth_masks\sample_157.png,1024,2041,32,0.15943040712273396,success
158,./data/raw/images\sample_158.jpg,./data/raw/tooth_masks\sample_158.png,1024,2041,27,0.15479974966315532,success
159,./data/raw/images\sample_159.jpg,./data/raw/tooth_masks\sample_159.png,1024,2041,21,0.10950753689980401,success
16,./data/raw/images\sample_16.jpg,./data/raw/tooth_masks\sample_16.png,1024,2041,30,0.2003622994243018,success
160,./data/raw/images\sample_160.jpg,./data/raw/tooth_masks\sample_160.png,1024,2041,12,0.06003969408378246,success
161,./data/raw/images\sample_161.jpg,./data/raw/tooth_masks\sample_161.png,1024,2041,23,0.1335857116609505,success
162,./data/raw/images\sample_162.jpg,./data/raw/tooth_masks\sample_162.png,1024,2041,20,0.11042859658255758,success
163,./data/raw/images\sample_163.jpg,./data/raw/tooth_masks\sample_163.png,1024,2041,23,0.13595367237261147,success
164,./data/raw/images\sample_164.jpg,./data/raw/tooth_masks\sample_164.png,1024,2041,28,0.16157779198309652,success
165,./data/raw/images\sample_165.jpg,./data/raw/tooth_masks\sample_165.png,1024,1852,31,0.22358746456533476,success
166,./data/raw/images\sample_166.jpg,./data/raw/tooth_masks\sample_166.png,1024,2038,6,0.03554054986506379,success
167,./data/raw/images\sample_167.jpg,./data/raw/tooth_masks\sample_167.png,1024,2041,31,0.20497094714600686,success
168,./data/raw/images\sample_168.jpg,./data/raw/tooth_masks\sample_168.png,1024,2041,15,0.07048379317736404,success
169,./data/raw/images\sample_169.jpg,./data/raw/tooth_masks\sample_169.png,1024,2041,24,0.14457096322268495,success
17,./data/raw/images\sample_17.jpg,./data/raw/tooth_masks\sample_17.png,1024,1852,32,0.21262222850296977,success
170,./data/raw/images\sample_170.jpg,./data/raw/tooth_masks\sample_170.png,1024,2041,11,0.05632626852645762,success
171,./data/raw/images\sample_171.jpg,./data/raw/tooth_masks\sample_171.png,1024,2041,25,0.14471976818961294,success
172,./data/raw/images\sample_172.jpg,./data/raw/tooth_masks\sample_172.png,1024,2041,32,0.19168807033929447,success
173,./data/raw/images\sample_173.jpg,./data/raw/tooth_masks\sample_173.png,1024,2041,30,0.15742369319573737,success
174,./data/raw/images\sample_174.jpg,./data/raw/tooth_masks\sample_174.png,1024,2038,13,0.07794099607458292,success
175,./data/raw/images\sample_175.jpg,./data/raw/tooth_masks\sample_175.png,1024,2041,6,0.027855715641842235,success
176,./data/raw/images\sample_176.jpg,./data/raw/tooth_masks\sample_176.png,1024,2041,29,0.16783525615507106,success
177,./data/raw/images\sample_177.jpg,./data/raw/tooth_masks\sample_177.png,1024,2041,31,0.17212428420504655,success
178,./data/raw/images\sample_178.jpg,./data/raw/tooth_masks\sample_178.png,1024,2041,0,0.0,success
179,./data/raw/images\sample_179.jpg,./data/raw/tooth_masks\sample_179.png,1024,2041,30,0.18622582756614406,success
18,./data/raw/images\sample_18.jpg,./data/raw/tooth_masks\sample_18.png,1024,2041,14,0.06074926889392455,success
180,./data/raw/images\sample_180.jpg,./data/raw/tooth_masks\sample_180.png,1024,2041,15,0.07329912573493386,success
181,./data/raw/images\sample_181.jpg,./data/raw/tooth_masks\sample_181.png,1024,2041,12,0.06766080505879471,success
182,./data/raw/images\sample_182.jpg,./data/raw/tooth_masks\sample_182.png,1024,2041,25,0.12968950958476236,success
183,./data/raw/images\sample_183.jpg,./data/raw/tooth_masks\sample_183.png,1024,2041,30,0.14924659710313573,success
184,./data/raw/images\sample_184.jpg,./data/raw/tooth_masks\sample_184.png,1024,2041,32,0.19729433335374816,success
185,./data/raw/images\sample_185.jpg,./data/raw/tooth_masks\sample_185.png,1024,1852,27,0.1867823425688445,success
186,./data/raw/images\sample_186.jpg,./data/raw/tooth_masks\sample_186.png,1024,2041,16,0.09266673811856933,success
187,./data/raw/images\sample_187.jpg,./data/raw/tooth_masks\sample_187.png,1024,2041,13,0.08241833430303773,success
188,./data/raw/images\sample_188.jpg,./data/raw/tooth_masks\sample_188.png,1024,2041,12,0.04735730034296913,success
189,./data/raw/images\sample_189.jpg,./data/raw/tooth_masks\sample_189.png,1024,2041,28,0.23246015280499754,success
19,./data/raw/images\sample_19.jpg,./data/raw/tooth_masks\sample_19.png,1024,2041,26,0.1651361924301813,success
190,./data/raw/images\sample_190.jpg,./data/raw/tooth_masks\sample_190.png,1024,2041,30,0.20103551031969621,success
191,./data/raw/images\sample_191.jpg,./data/raw/tooth_masks\sample_191.png,1024,2041,26,0.13294934315286625,success
192,./data/raw/images\sample_192.jpg,./data/raw/tooth_masks\sample_192.png,1024,2041,23,0.13536419417564918,success
193,./data/raw/images\sample_193.jpg,./data/raw/tooth_masks\sample_193.png,1024,1852,31,0.209001248650108,success
194,./data/raw/images\sample_194.jpg,./data/raw/tooth_masks\sample_194.png,1024,2041,25,0.14074557508574229,success
195,./data/raw/images\sample_195.jpg,./data/raw/tooth_masks\sample_195.png,1024,2041,32,0.19198233096521314,success
196,./data/raw/images\sample_196.jpg,./data/raw/tooth_masks\sample_196.png,1024,2041,23,0.13620439199534543,success
197,./data/raw/images\sample_197.jpg,./data/raw/tooth_masks\sample_197.png,1024,2041,30,0.1818358418054875,success
198,./data/raw/images\sample_198.jpg,./data/raw/tooth_masks\sample_198.png,1024,2041,29,0.17311998560754532,success
199,./data/raw/images\sample_199.jpg,./data/raw/tooth_masks\sample_199.png,1024,2041,27,0.15617057355463007,success
2,./data/raw/images\sample_2.jpg,./data/raw/tooth_masks\sample_2.png,1024,2041,32,0.23086061902866242,success
20,./data/raw/images\sample_20.jpg,./data/raw/tooth_masks\sample_20.png,1024,2041,19,0.14466043759186673,success
200,./data/raw/images\sample_200.jpg,./data/raw/tooth_masks\sample_200.png,1024,2041,31,0.17619560723909847,success
201,./data/raw/images\sample_201.jpg,./data/raw/tooth_masks\sample_201.png,1024,2041,17,0.08966623667932386,success
202,./data/raw/images\sample_202.jpg,./data/raw/tooth_masks\sample_202.png,1024,2041,28,0.16204813051200392,success
203,./data/raw/images\sample_203.jpg,./data/raw/tooth_masks\sample_203.png,1024,1850,27,0.16382231841216216,success
204,./data/raw/images\sample_204.jpg,./data/raw/tooth_masks\sample_204.png,1024,2041,32,0.19114117620039198,success
205,./data/raw/images\sample_205.jpg,./data/raw/tooth_masks\sample_205.png,1024,1850,28,0.1717557010135135,success
206,./data/raw/images\sample_206.jpg,./data/raw/tooth_masks\sample_206.png,1024,2041,32,0.19876324412052915,success
207,./data/raw/images\sample_207.jpg,./data/raw/tooth_masks\sample_207.png,1024,2041,14,0.06520193456026457,success
208,./data/raw/images\sample_208.jpg,./data/raw/tooth_masks\sample_208.png,1024,2041,5,0.02886624969377756,success
209,./data/raw/images\sample_209.jpg,./data/raw/tooth_masks\sample_209.png,1024,2041,32,0.20374653585864771,success
21,./data/raw/images\sample_21.jpg,./data/raw/tooth_masks\sample_21.png,1024,2041,25,0.1189420588865752,success
210,./data/raw/images\sample_210.jpg,./data/raw/tooth_masks\sample_210.png,1024,1850,30,0.15726879222972973,success
211,./data/raw/images\sample_211.jpg,./data/raw/tooth_masks\sample_211.png,1024,2041,31,0.19135888121631553,success
212,./data/raw/images\sample_212.jpg,./data/raw/tooth_masks\sample_212.png,1024,2041,29,0.15632272782949536,success
213,./data/raw/images\sample_213.jpg,./data/raw/tooth_masks\sample_213.png,1024,2041,27,0.16069596705046546,success
214,./data/raw/images\sample_214.jpg,./data/raw/tooth_masks\sample_214.png,1024,1852,29,0.2138107662324514,success
215,./data/raw/images\sample_215.jpg,./data/raw/tooth_masks\sample_215.png,1024,2041,21,0.12996463130818225,success
216,./data/raw/images\sample_216.jpg,./data/raw/tooth_masks\sample_216.png,1024,2041,14,0.08083506859382655,success
217,./data/raw/images\sample_217.jpg,./data/raw/tooth_masks\sample_217.png,1024,2041,21,0.12063202397721705,success
218,./data/raw/images\sample_218.jpg,./data/raw/tooth_masks\sample_218.png,1024,2041,24,0.1344531824167075,success
219,./data/raw/images\sample_219.jpg,./data/raw/tooth_masks\sample_219.png,1024,2041,31,0.19397086293483587,success
22,./data/raw/images\sample_22.jpg,./data/raw/tooth_masks\sample_22.png,1024,2041,26,0.11820521114037237,success
220,./data/raw/images\sample_220.jpg,./data/raw/tooth_masks\sample_220.png,1024,2041,29,0.15528013611587457,success
221,./data/raw/images\sample_221.jpg,./data/raw/tooth_masks\sample_221.png,1024,2043,27,0.12046660854136075,success
222,./data/raw/images\sample_222.jpg,./data/raw/tooth_masks\sample_222.png,1024,2041,30,0.167429511422097,success
223,./data/raw/images\sample_223.jpg,./data/raw/tooth_masks\sample_223.png,1024,2041,30,0.17171471169157276,success
224,./data/raw/images\sample_224.jpg,./data/raw/tooth_masks\sample_224.png,1024,2043,30,0.18588338992902595,success
225,./data/raw/images\sample_225.jpg,./data/raw/tooth_masks\sample_225.png,1024,2041,25,0.1332919295075943,success
226,./data/raw/images\sample_226.jpg,./data/raw/tooth_masks\sample_226.png,1024,2041,31,0.14183027238486037,success
227,./data/raw/images\sample_227.jpg,./data/raw/tooth_masks\sample_227.png,1024,2041,32,0.19321296239588437,success
228,./data/raw/images\sample_228.jpg,./data/raw/tooth_masks\sample_228.png,1024,2041,29,0.17713819818716314,success
229,./data/raw/images\sample_229.jpg,./data/raw/tooth_masks\sample_229.png,1024,2043,32,0.15265158467939305,success
23,./data/raw/images\sample_23.jpg,./data/raw/tooth_masks\sample_23.png,1024,2041,18,0.08422313280867222,success
230,./data/raw/images\sample_230.jpg,./data/raw/tooth_masks\sample_230.png,1024,2041,26,0.13339623652621263,success
231,./data/raw/images\sample_231.jpg,./data/raw/tooth_masks\sample_231.png,1024,2041,31,0.1717247596153846,success
232,./data/raw/images\sample_232.jpg,./data/raw/tooth_masks\sample_232.png,1024,2041,26,0.16166104620896618,success
233,./data/raw/images\sample_233.jpg,./data/raw/tooth_masks\sample_233.png,1024,2041,26,0.1659562944022538,success
234,./data/raw/images\sample_234.jpg,./data/raw/tooth_masks\sample_234.png,1024,2041,19,0.09755959854238118,success
235,./data/raw/images\sample_235.jpg,./data/raw/tooth_masks\sample_235.png,1024,2041,24,0.12096504088069573,success
236,./data/raw/images\sample_236.jpg,./data/raw/tooth_masks\sample_236.png,1024,2041,32,0.2242533914135228,success
237,./data/raw/images\sample_237.jpg,./data/raw/tooth_masks\sample_237.png,1024,2041,32,0.2095298337212151,success
238,./data/raw/images\sample_238.jpg,./data/raw/tooth_masks\sample_238.png,1024,2041,31,0.203015908255757,success
239,./data/raw/images\sample_239.jpg,./data/raw/tooth_masks\sample_239.png,1024,2041,19,0.10943863685080843,success
24,./data/raw/images\sample_24.jpg,./data/raw/tooth_masks\sample_24.png,1024,2041,17,0.07254313908623224,success
240,./data/raw/images\sample_240.jpg,./data/raw/tooth_masks\sample_240.png,1024,2041,29,0.1821612031479667,success
241,./data/raw/images\sample_241.jpg,./data/raw/tooth_masks\sample_241.png,1024,2041,22,0.10498836354728075,success
242,./data/raw/images\sample_242.jpg,./data/raw/tooth_masks\sample_242.png,1024,2041,19,0.09964047571656051,success
243,./data/raw/images\sample_243.jpg,./data/raw/tooth_masks\sample_243.png,1024,2041,22,0.13996470786379225,success
244,./data/raw/images\sample_244.jpg,./data/raw/tooth_masks\sample_244.png,1024,2041,23,0.11597265816389025,success
245,./data/raw/images\sample_245.jpg,./data/raw/tooth_masks\sample_245.png,1024,2041,22,0.10555487506124449,success
246,./data/raw/images\sample_246.jpg,./data/raw/tooth_masks\sample_246.png,1024,2038,16,0.06395190597399411,success
247,./data/raw/images\sample_247.jpg,./data/raw/tooth_masks\sample_247.png,1024,1850,28,0.1922043918918919,success
248,./data/raw/images\sample_248.jpg,./data/raw/tooth_masks\sample_248.png,1024,2041,21,0.09990028631798138,success
249,./data/raw/images\sample_249.jpg,./data/raw/tooth_masks\sample_249.png,1024,1850,32,0.21941459037162162,success
25,./data/raw/images\sample_25.jpg,./data/raw/tooth_masks\sample_25.png,1024,2041,26,0.17754777070063693,success
250,./data/raw/images\sample_250.jpg,./data/raw/tooth_masks\sample_250.png,1024,1850,32,0.22226932010135136,success
251,./data/raw/images\sample_251.jpg,./data/raw/tooth_masks\sample_251.png,1024,2041,30,0.17251136850808427,success
252,./data/raw/images\sample_252.jpg,./data/raw/tooth_masks\sample_252.png,1024,2041,27,0.17558029152376287,success
253,./data/raw/images\sample_253.jpg,./data/raw/tooth_masks\sample_253.png,1024,2043,24,0.12212910701174744,success
254,./data/raw/images\sample_254.jpg,./data/raw/tooth_masks\sample_254.png,1024,2041,21,0.10602999831577659,success
255,./data/raw/images\sample_255.jpg,./data/raw/tooth_masks\sample_255.png,1024,1850,30,0.17504275760135135,success
256,./data/raw/images\sample_256.jpg,./data/raw/tooth_masks\sample_256.png,1024,1852,32,0.14457343412527,success
257,./data/raw/images\sample_257.jpg,./data/raw/tooth_masks\sample_257.png,1024,2038,15,0.06354316808758587,success
258,./data/raw/images\sample_258.jpg,./data/raw/tooth_masks\sample_258.png,1024,1852,28,0.18929387992710583,success
259,./data/raw/images\sample_259.jpg,./data/raw/tooth_masks\sample_259.png,1024,2041,16,0.0696048390801078,success
26,./data/raw/images\sample_26.jpg,./data/raw/tooth_masks\sample_26.png,1024,2041,26,0.18717463865752082,success
260,./data/raw/images\sample_260.jpg,./data/raw/tooth_masks\sample_260.png,1024,2041,15,0.07969151916952474,success
261,./data/raw/images\sample_261.jpg,./data/raw/tooth_masks\sample_261.png,1024,2041,23,0.13467615063081823,success
262,./data/raw/images\sample_262.jpg,./data/raw/tooth_masks\sample_262.png,1024,2041,32,0.16653141842234198,success
263,./data/raw/images\sample_263.jpg,./data/raw/tooth_masks\sample_263.png,1024,2041,26,0.12734451555609996,success
264,./data/raw/images\sample_264.jpg,./data/raw/tooth_masks\sample_264.png,1024,2041,31,0.19640054660705536,success
265,./data/raw/images\sample_265.jpg,./data/raw/tooth_masks\sample_265.png,1024,2041,32,0.1657232782643312,success
266,./data/raw/images\sample_266.jpg,./data/raw/tooth_masks\sample_266.png,1024,2041,23,0.08625759814429201,success
267,./data/raw/images\sample_267.jpg,./data/raw/tooth_masks\sample_267.png,1024,2041,29,0.19648475777804997,success
268,./data/raw/images\sample_268.jpg,./data/raw/tooth_masks\sample_268.png,1024,2041,31,0.18598850517515925,success
269,./data/raw/images\sample_269.jpg,./data/raw/tooth_masks\sample_269.png,1024,2041,32,0.1801152544708476,success
27,./data/raw/images\sample_27.jpg,./data/raw/tooth_masks\sample_27.png,1024,2041,25,0.13992116686060754,success
270,./data/raw/images\sample_270.jpg,./data/raw/tooth_masks\sample_270.png,1024,2041,18,0.09352703178588927,success
271,./data/raw/images\sample_271.jpg,./data/raw/tooth_masks\sample_271.png,1024,2041,31,0.19914458675281724,success
272,./data/raw/images\sample_272.jpg,./data/raw/tooth_masks\sample_272.png,1024,2041,32,0.21615237245835375,success
273,./data/raw/images\sample_273.jpg,./data/raw/tooth_masks\sample_273.png,1024,2041,30,0.18387413492160706,success
274,./data/raw/images\sample_274.jpg,./data/raw/tooth_masks\sample_274.png,1024,2041,32,0.20134651748530133,success
275,./data/raw/images\sample_275.jpg,./data/raw/tooth_masks\sample_275.png,1024,2041,32,0.21779736112812348,success
276,./data/raw/images\sample_276.jpg,./data/raw/tooth_masks\sample_276.png,1024,2041,28,0.18450715412175403,success
277,./data/raw/images\sample_277.jpg,./data/raw/tooth_masks\sample_277.png,1024,1850,28,0.14701541385135136,success
278,./data/raw/images\sample_278.jpg,./data/raw/tooth_masks\sample_278.png,1024,2041,25,0.14724131859382655,success
279,./data/raw/images\sample_279.jpg,./data/raw/tooth_masks\sample_279.png,1024,2041,29,0.15497821992895638,success
28,./data/raw/images\sample_28.jpg,./data/raw/tooth_masks\sample_28.png,1024,2043,30,0.1634387045704846,success
280,./data/raw/images\sample_280.jpg,./data/raw/tooth_masks\sample_280.png,1024,2041,30,0.1930440615813327,success
281,./data/raw/images\sample_281.jpg,./data/raw/tooth_masks\sample_281.png,1024,2041,28,0.18942728748162665,success
282,./data/raw/images\sample_282.jpg,./data/raw/tooth_masks\sample_282.png,1024,2041,31,0.18442724920382167,success
283,./data/raw/images\sample_283.jpg,./data/raw/tooth_masks\sample_283.png,1024,2041,31,0.16960369074595785,success
284,./data/raw/images\sample_284.jpg,./data/raw/tooth_masks\sample_284.png,1024,2041,26,0.1289904611709946,success
285,./data/raw/images\sample_285.jpg,./data/raw/tooth_masks\sample_285.png,1024,1394,31,0.26100839535509324,success
286,./data/raw/images\sample_286.jpg,./data/raw/tooth_masks\sample_286.png,1024,2041,10,0.04081227416095051,success
287,./data/raw/images\sample_287.jpg,./data/raw/tooth_masks\sample_287.png,1024,2041,23,0.12423540084517394,success
288,./data/raw/images\sample_288.jpg,./data/raw/tooth_masks\sample_288.png,1024,2041,31,0.22496009538829007,success
289,./data/raw/images\sample_289.jpg,./data/raw/tooth_masks\sample_289.png,1024,2041,26,0.17345539487383635,success
29,./data/raw/images\sample_29.jpg,./data/raw/tooth_masks\sample_29.png,1024,2038,22,0.16948438650024533,success
290,./data/raw/images\sample_290.jpg,./data/raw/tooth_masks\sample_290.png,1024,2041,28,0.18700573784296914,success
291,./data/raw/images\sample_291.jpg,./data/raw/tooth_masks\sample_291.png,1024,2041,25,0.18322101987383635,success
292,./data/raw/images\sample_292.jpg,./data/raw/tooth_masks\sample_292.png,1024,2041,32,0.18063200483831454,success
293,./data/raw/images\sample_293.jpg,./data/raw/tooth_masks\sample_293.png,1024,2041,17,0.08015755144536992,success
294,./data/raw/images\sample_294.jpg,./data/raw/tooth_masks\sample_294.png,1024,1852,31,0.2133035021260799,success
295,./data/raw/images\sample_295.jpg,./data/raw/tooth_masks\sample_295.png,1024,2041,19,0.10200078086722195,success
296,./data/raw/images\sample_296.jpg,./data/raw/tooth_masks\sample_296.png,1024,2041,21,0.12428707588192063,success
297,./data/raw/images\sample_297.jpg,./data/raw/tooth_masks\sample_297.png,1024,2041,14,0.07928146818348848,success
298,./data/raw/images\sample_298.jpg,./data/raw/tooth_masks\sample_298.png,1024,2041,20,0.1272000168422342,success
299,./data/raw/images\sample_299.jpg,./data/raw/tooth_masks\sample_299.png,1024,2041,31,0.21310402376286133,success
3,./data/raw/images\sample_3.jpg,./data/raw/tooth_masks\sample_3.png,1024,2041,31,0.17301663553405194,success
30,./data/raw/images\sample_30.jpg,./data/raw/tooth_masks\sample_30.png,1024,1852,28,0.18555267531722464,success
300,./data/raw/images\sample_300.jpg,./data/raw/tooth_masks\sample_300.png,1024,2041,0,0.0,success
301,./data/raw/images\sample_301.jpg,./data/raw/tooth_masks\sample_301.png,1024,2041,32,0.20722838069573737,success
302,./data/raw/images\sample_302.jpg,./data/raw/tooth_masks\sample_302.png,1024,2041,18,0.10939557432018618,success
303,./data/raw/images\sample_303.jpg,./data/raw/tooth_masks\sample_303.png,1024,2041,31,0.18675788905561,success
304,./data/raw/images\sample_304.jpg,./data/raw/tooth_masks\sample_304.png,1024,2043,26,0.1439294427618698,success
305,./data/raw/images\sample_305.jpg,./data/raw/tooth_masks\sample_305.png,1024,2041,31,0.17251423934345908,success
306,./data/raw/images\sample_306.jpg,./data/raw/tooth_masks\sample_306.png,1024,2041,30,0.17434631078515433,success
307,./data/raw/images\sample_307.jpg,./data/raw/tooth_masks\sample_307.png,1024,2041,30,0.1759109160644292,success
308,./data/raw/images\sample_308.jpg,./data/raw/tooth_masks\sample_308.png,1024,2041,32,0.17728556773640372,success
309,./data/raw/images\sample_309.jpg,./data/raw/tooth_masks\sample_309.png,1024,2043,22,0.12308941737028879,success
31,./data/raw/images\sample_31.jpg,./data/raw/tooth_masks\sample_31.png,1024,2041,27,0.1461484872611465,success
310,./data/raw/images\sample_310.jpg,./data/raw/tooth_masks\sample_310.png,1024,2038,32,0.21095570872178607,success
311,./data/raw/images\sample_311.jpg,./data/raw/tooth_masks\sample_311.png,1024,2041,20,0.10785872044953454,success
312,./data/raw/images\sample_312.jpg,./data/raw/tooth_masks\sample_312.png,1024,2041,32,0.2171265425955414,success
313,./data/raw/images\sample_313.jpg,./data/raw/tooth_masks\sample_313.png,1024,1850,32,0.1987526393581081,success
314,./data/raw/images\sample_314.jpg,./data/raw/tooth_masks\sample_314.png,1024,2041,29,0.1857937668422342,success
315,./data/raw/images\sample_315.jpg,./data/raw/tooth_masks\sample_315.png,1024,2041,11,0.04921616624816266,success
316,./data/raw/images\sample_316.jpg,./data/raw/tooth_masks\sample_316.png,1024,2041,25,0.1477437147844194,success
317,./data/raw/images\sample_317.jpg,./data/raw/tooth_masks\sample_317.png,1024,2041,29,0.15062938280867222,success
318,./data/raw/images\sample_318.jpg,./data/raw/tooth_masks\sample_318.png,1024,2041,18,0.10961854253429691,success
319,./data/raw/images\sample_319.jpg,./data/raw/tooth_masks\sample_319.png,1024,2041,30,0.1900971490690838,success
32,./data/raw/images\sample_32.jpg,./data/raw/tooth_masks\sample_32.png,1024,2041,21,0.11681811918177364,success
320,./data/raw/images\sample_320.jpg,./data/raw/tooth_masks\sample_320.png,1024,2041,28,0.1359125237322391,success
321,./data/raw/images\sample_321.jpg,./data/raw/tooth_masks\sample_321.png,1024,2041,30,0.1556423398456639,success
322,./data/raw/images\sample_322.jpg,./data/raw/tooth_masks\sample_322.png,1024,2041,28,0.16784291171607055,success
323,./data/raw/images\sample_323.jpg,./data/raw/tooth_masks\sample_323.png,1024,2041,29,0.13974126117711905,success
324,./data/raw/images\sample_324.jpg,./data/raw/tooth_masks\sample_324.png,1024,2041,30,0.18274398272905437,success
325,./data/raw/images\sample_325.jpg,./data/raw/tooth_masks\sample_325.png,1024,2038,4,0.023717818480127575,success
326,./data/raw/images\sample_326.jpg,./data/raw/tooth_masks\sample_326.png,1024,2041,19,0.07236227645761882,success
327,./data/raw/images\sample_327.jpg,./data/raw/tooth_masks\sample_327.png,1024,2041,27,0.15786006017270945,success
328,./data/raw/images\sample_328.jpg,./data/raw/tooth_masks\sample_328.png,1024,2041,25,0.11656213636085253,success
329,./data/raw/images\sample_329.jpg,./data/raw/tooth_masks\sample_329.png,1024,2041,28,0.1701156563878001,success
33,./data/raw/images\sample_33.jpg,./data/raw/tooth_masks\sample_33.png,1024,2041,30,0.1686142094867712,success
330,./data/raw/images\sample_330.jpg,./data/raw/tooth_masks\sample_330.png,1024,2041,26,0.1555595640923567,success
331,./data/raw/images\sample_331.jpg,./data/raw/tooth_masks\sample_331.png,1024,1850,31,0.1917873733108108,success
332,./data/raw/images\sample_332.jpg,./data/raw/tooth_masks\sample_332.png,1024,2041,32,0.182781303588927,success
333,./data/raw/images\sample_333.jpg,./data/raw/tooth_masks\sample_333.png,1024,1850,31,0.20780616554054054,success
334,./data/raw/images\sample_334.jpg,./data/raw/tooth_masks\sample_334.png,1024,2041,11,0.0645641306344929,success
335,./data/raw/images\sample_335.jpg,./data/raw/tooth_masks\sample_335.png,1024,2041,28,0.1458015946533562,success
336,./data/raw/images\sample_336.jpg,./data/raw/tooth_masks\sample_336.png,1024,2041,24,0.15167388841254287,success
337,./data/raw/images\sample_337.jpg,./data/raw/tooth_masks\sample_337.png,1024,2041,32,0.22285577305854973,success
338,./data/raw/images\sample_338.jpg,./data/raw/tooth_masks\sample_338.png,1024,2041,28,0.12420095082067614,success
339,./data/raw/images\sample_339.jpg,./data/raw/tooth_masks\sample_339.png,1024,1852,29,0.14921105139713822,success
34,./data/raw/images\sample_34.jpg,./data/raw/tooth_masks\sample_34.png,1024,2041,32,0.20849920382165604,success
340,./data/raw/images\sample_340.jpg,./data/raw/tooth_masks\sample_340.png,1024,1852,28,0.18204401069789417,success
341,./data/raw/images\sample_341.jpg,./data/raw/tooth_masks\sample_341.png,1024,2041,30,0.19456321196717297,success
342,./data/raw/images\sample_342.jpg,./data/raw/tooth_masks\sample_342.png,1024,2041,32,0.2082532689245468,success
343,./data/raw/images\sample_343.jpg,./data/raw/tooth_masks\sample_343.png,1024,2041,26,0.16784004088069573,success
344,./data/raw/images\sample_344.jpg,./data/raw/tooth_masks\sample_344.png,1024,2041,26,0.17986788415605096,success
345,./data/raw/images\sample_345.jpg,./data/raw/tooth_masks\sample_345.png,1024,2038,19,0.09886617164499509,success
346,./data/raw/images\sample_346.jpg,./data/raw/tooth_masks\sample_346.png,1024,2041,32,0.20061158362934836,success
347,./data/raw/images\sample_347.jpg,./data/raw/tooth_masks\sample_347.png,1024,2041,30,0.2331094400722685,success
348,./data/raw/images\sample_348.jpg,./data/raw/tooth_masks\sample_348.png,1024,2041,19,0.10870465993998041,success
349,./data/raw/images\sample_349.jpg,./data/raw/tooth_masks\sample_349.png,1024,2041,27,0.17290132364649682,success
35,./data/raw/images\sample_35.jpg,./data/raw/tooth_masks\sample_35.png,1024,2041,32,0.2204203477155806,success
350,./data/raw/images\sample_350.jpg,./data/raw/tooth_masks\sample_350.png,1024,1850,32,0.22255437077702703,success
351,./data/raw/images\sample_351.jpg,./data/raw/tooth_masks\sample_351.png,1024,2041,31,0.1931076984321411,success
352,./data/raw/images\sample_352.jpg,./data/raw/tooth_masks\sample_352.png,1024,2041,14,0.08218340427486526,success
353,./data/raw/images\sample_353.jpg,./data/raw/tooth_masks\sample_353.png,1024,2041,16,0.07173069267515923,success
354,./data/raw/images\sample_354.jpg,./data/raw/tooth_masks\sample_354.png,1024,2041,31,0.1883468964355708,success
355,./data/raw/images\sample_355.jpg,./data/raw/tooth_masks\sample_355.png,1024,2043,11,0.06069935832721488,success
356,./data/raw/images\sample_356.jpg,./data/raw/tooth_masks\sample_356.png,1024,2041,32,0.18421624280377266,success
357,./data/raw/images\sample_357.jpg,./data/raw/tooth_masks\sample_357.png,1024,2041,28,0.16948837885840273,success
358,./data/raw/images\sample_358.jpg,./data/raw/tooth_masks\sample_358.png,1024,2041,11,0.04598408408868202,success
359,./data/raw/images\sample_359.jpg,./data/raw/tooth_masks\sample_359.png,1024,2041,29,0.17743054492283195,success
36,./data/raw/images\sample_36.jpg,./data/raw/tooth_masks\sample_36.png,1024,2041,28,0.20528626056467417,success
360,./data/raw/images\sample_360.jpg,./data/raw/tooth_masks\sample_360.png,1024,2041,21,0.107820442644537,success
361,./data/raw/images\sample_361.jpg,./data/raw/tooth_masks\sample_361.png,1024,2041,20,0.11564586140372367,success
362,./data/raw/images\sample_362.jpg,./data/raw/tooth_masks\sample_362.png,1024,2041,13,0.07276897813571778,success
363,./data/raw/images\sample_363.jpg,./data/raw/tooth_masks\sample_363.png,1024,2041,21,0.08627769399191573,success
364,./data/raw/images\sample_364.jpg,./data/raw/tooth_masks\sample_364.png,1024,2041,24,0.1257234505144537,success
365,./data/raw/images\sample_365.jpg,./data/raw/tooth_masks\sample_365.png,1024,2041,31,0.18129756017270945,success
366,./data/raw/images\sample_366.jpg,./data/raw/tooth_masks\sample_366.png,1024,2041,25,0.16093089707863792,success
367,./data/raw/images\sample_367.jpg,./data/raw/tooth_masks\sample_367.png,1024,2041,22,0.1174157314122979,success
368,./data/raw/images\sample_368.jpg,./data/raw/tooth_masks\sample_368.png,1024,1852,30,0.18921636659692226,success
369,./data/raw/images\sample_369.jpg,./data/raw/tooth_masks\sample_369.png,1024,2041,29,0.13694506752204802,success
37,./data/raw/images\sample_37.jpg,./data/raw/tooth_masks\sample_37.png,1024,2041,30,0.2038843359566389,success
370,./data/raw/images\sample_370.jpg,./data/raw/tooth_masks\sample_370.png,1024,2041,15,0.07991065960313572,success
371,./data/raw/images\sample_371.jpg,./data/raw/tooth_masks\sample_371.png,1024,2041,28,0.1792190753613425,success
372,./data/raw/images\sample_372.jpg,./data/raw/tooth_masks\sample_372.png,1024,2041,18,0.1009031648089172,success
373,./data/raw/images\sample_373.jpg,./data/raw/tooth_masks\sample_373.png,1024,2041,30,0.1912985936734444,success
374,./data/raw/images\sample_374.jpg,./data/raw/tooth_masks\sample_374.png,1024,2043,18,0.09794926655041605,success
375,./data/raw/images\sample_375.jpg,./data/raw/tooth_masks\sample_375.png,1024,2041,28,0.14838678190837826,success
376,./data/raw/images\sample_376.jpg,./data/raw/tooth_masks\sample_376.png,1024,2041,28,0.1592562431099951,success
377,./data/raw/images\sample_377.jpg,./data/raw/tooth_masks\sample_377.png,1024,2041,32,0.17657742834394904,success
378,./data/raw/images\sample_378.jpg,./data/raw/tooth_masks\sample_378.png,1024,2041,28,0.16582902070063693,success
379,./data/raw/images\sample_379.jpg,./data/raw/tooth_masks\sample_379.png,1024,2041,28,0.16661802195614894,success
38,./data/raw/images\sample_38.jpg,./data/raw/tooth_masks\sample_38.png,1024,2041,30,0.18128511988608526,success
380,./data/raw/images\sample_380.jpg,./data/raw/tooth_masks\sample_380.png,1024,2041,30,0.19865128154091133,success
381,./data/raw/images\sample_381.jpg,./data/raw/tooth_masks\sample_381.png,1024,2041,25,0.12122628689980401,success
382,./data/raw/images\sample_382.jpg,./data/raw/tooth_masks\sample_382.png,1024,2041,32,0.18039707481014208,success
383,./data/raw/images\sample_383.jpg,./data/raw/tooth_masks\sample_383.png,1024,2041,31,0.15297054905683488,success
384,./data/raw/images\sample_384.jpg,./data/raw/tooth_masks\sample_384.png,1024,2041,29,0.20259628781847133,success
385,./data/raw/images\sample_385.jpg,./data/raw/tooth_masks\sample_385.png,1024,2041,16,0.08079774773395394,success
386,./data/raw/images\sample_386.jpg,./data/raw/tooth_masks\sample_386.png,1024,2041,31,0.18242053527682509,success
387,./data/raw/images\sample_387.jpg,./data/raw/tooth_masks\sample_387.png,1024,2041,29,0.18241527207863792,success
388,./data/raw/images\sample_388.jpg,./data/raw/tooth_masks\sample_388.png,1024,2041,21,0.1195516329311612,success
389,./data/raw/images\sample_389.jpg,./data/raw/tooth_masks\sample_389.png,1024,2041,32,0.18476648625061246,success
39,./data/raw/images\sample_39.jpg,./data/raw/tooth_masks\sample_39.png,1024,2041,31,0.17898940853135717,success
390,./data/raw/images\sample_390.jpg,./data/raw/tooth_masks\sample_390.png,1024,2041,32,0.18158655760044096,success
391,./data/raw/images\sample_391.jpg,./data/raw/tooth_masks\sample_391.png,1024,2041,32,0.18156598328025478,success
392,./data/raw/images\sample_392.jpg,./data/raw/tooth_masks\sample_392.png,1024,2038,32,0.20028875199337587,success
393,./data/raw/images\sample_393.jpg,./data/raw/tooth_masks\sample_393.png,1024,2041,4,0.022034139974277316,success
394,./data/raw/images\sample_394.jpg,./data/raw/tooth_masks\sample_394.png,1024,2041,28,0.15637440286624205,success
395,./data/raw/images\sample_395.jpg,./data/raw/tooth_masks\sample_395.png,1024,1852,32,0.1998051093412527,success
396,./data/raw/images\sample_396.jpg,./data/raw/tooth_masks\sample_396.png,1024,2041,22,0.14253219163400294,success
397,./data/raw/images\sample_397.jpg,./data/raw/tooth_masks\sample_397.png,1024,2041,15,0.061862674546790786,success
398,./data/raw/images\sample_398.jpg,./data/raw/tooth_masks\sample_398.png,1024,2043,27,0.12872699843979443,success
399,./data/raw/images\sample_399.jpg,./data/raw/tooth_masks\sample_399.png,1024,2041,25,0.10679172663522783,success
4,./data/raw/images\sample_4.jpg,./data/raw/tooth_masks\sample_4.png,1024,2041,29,0.11577361357790299,success
40,./data/raw/images\sample_40.jpg,./data/raw/tooth_masks\sample_40.png,1024,2041,30,0.16781468183488485,success
400,./data/raw/images\sample_400.jpg,./data/raw/tooth_masks\sample_400.png,1024,2041,31,0.17106973067736403,success
401,./data/raw/images\sample_401.jpg,./data/raw/tooth_masks\sample_401.png,1024,2041,32,0.17886691955536502,success
402,./data/raw/images\sample_402.jpg,./data/raw/tooth_masks\sample_402.png,1024,2043,30,0.1833289356950563,success
403,./data/raw/images\sample_403.jpg,./data/raw/tooth_masks\sample_403.png,1024,2041,18,0.12475406510289073,success
404,./data/raw/images\sample_404.jpg,./data/raw/tooth_masks\sample_404.png,1024,2041,18,0.13485605631430672,success
405,./data/raw/images\sample_405.jpg,./data/raw/tooth_masks\sample_405.png,1024,2041,23,0.14480015158010778,success
406,./data/raw/images\sample_406.jpg,./data/raw/tooth_masks\sample_406.png,1024,2041,28,0.13765559927731505,success
407,./data/raw/images\sample_407.jpg,./data/raw/tooth_masks\sample_407.png,1024,2041,28,0.13415700790053894,success
408,./data/raw/images\sample_408.jpg,./data/raw/tooth_masks\sample_408.png,1024,2041,15,0.08357288859627633,success
409,./data/raw/images\sample_409.jpg,./data/raw/tooth_masks\sample_409.png,1024,2041,14,0.061828224522292995,success
41,./data/raw/images\sample_41.jpg,./data/raw/tooth_masks\sample_41.png,1024,2041,27,0.15903423184100932,success
410,./data/raw/images\sample_410.jpg,./data/raw/tooth_masks\sample_410.png,1024,2041,27,0.16420364940592846,success
411,./data/raw/images\sample_411.jpg,./data/raw/tooth_masks\sample_411.png,1024,2041,24,0.1168296025232729,success
412,./data/raw/images\sample_412.jpg,./data/raw/tooth_masks\sample_412.png,1024,2041,20,0.07832117375061244,success
413,./data/raw/images\sample_413.jpg,./data/raw/tooth_masks\sample_413.png,1024,2041,24,0.11970857193165114,success
414,./data/raw/images\sample_414.jpg,./data/raw/tooth_masks\sample_414.png,1024,2041,28,0.1585342280132288,success
415,./data/raw/images\sample_415.jpg,./data/raw/tooth_masks\sample_415.png,1024,2041,22,0.1080749900477707,success
416,./data/raw/images\sample_416.jpg,./data/raw/tooth_masks\sample_416.png,1024,2041,27,0.14564609107055365,success
417,./data/raw/images\sample_417.jpg,./data/raw/tooth_masks\sample_417.png,1024,2041,30,0.1582748958843704,success
418,./data/raw/images\sample_418.jpg,./data/raw/tooth_masks\sample_418.png,1024,2041,32,0.19843501194267515,success
419,./data/raw/images\sample_419.jpg,./data/raw/tooth_masks\sample_419.png,1024,2043,27,0.14890116403573175,success
42,./data/raw/images\sample_42.jpg,./data/raw/tooth_masks\sample_42.png,1024,2041,18,0.10664579250367467,success
420,./data/raw/images\sample_420.jpg,./data/raw/tooth_masks\sample_420.png,1024,2043,29,0.15621845172540383,success
421,./data/raw/images\sample_421.jpg,./data/raw/tooth_masks\sample_421.png,1024,2041,29,0.18310905729421853,success
422,./data/raw/images\sample_422.jpg,./data/raw/tooth_masks\sample_422.png,1024,2041,15,0.07714413124693778,success
423,./data/raw/images\sample_423.jpg,./data/raw/tooth_masks\sample_423.png,1024,2041,8,0.05265638397231749,success
424,./data/raw/images\sample_424.jpg,./data/raw/tooth_masks\sample_424.png,1024,2041,26,0.1552466430365017,success
425,./data/raw/images\sample_425.jpg,./data/raw/tooth_masks\sample_425.png,1024,1850,32,0.17911951013513513,success
426,./data/raw/images\sample_426.jpg,./data/raw/tooth_masks\sample_426.png,1024,2041,27,0.1394269047035767,success
427,./data/raw/images\sample_427.jpg,./data/raw/tooth_masks\sample_427.png,1024,2043,32,0.14017567608908468,success
428,./data/raw/images\sample_428.jpg,./data/raw/tooth_masks\sample_428.png,1024,2041,31,0.16489791309407154,success
429,./data/raw/images\sample_429.jpg,./data/raw/tooth_masks\sample_429.png,1024,2041,14,0.06437513397231749,success
43,./data/raw/images\sample_43.jpg,./data/raw/tooth_masks\sample_43.png,1024,2041,24,0.15860552042503676,success
430,./data/raw/images\sample_430.jpg,./data/raw/tooth_masks\sample_430.png,1024,2041,24,0.11651476757716805,success
431,./data/raw/images\sample_431.jpg,./data/raw/tooth_masks\sample_431.png,1024,2041,30,0.18779473909848113,success
432,./data/raw/images\sample_432.jpg,./data/raw/tooth_masks\sample_432.png,1024,2041,30,0.1674859711844684,success
433,./data/raw/images\sample_433.jpg,./data/raw/tooth_masks\sample_433.png,1024,2041,24,0.1607921400355218,success
434,./data/raw/images\sample_434.jpg,./data/raw/tooth_masks\sample_434.png,1024,2041,17,0.07680441572758452,success
435,./data/raw/images\sample_435.jpg,./data/raw/tooth_masks\sample_435.png,1024,2041,31,0.1744190386146497,success
436,./data/raw/images\sample_436.jpg,./data/raw/tooth_masks\sample_436.png,1024,2041,32,0.16126582787236649,success
437,./data/raw/images\sample_437.jpg,./data/raw/tooth_masks\sample_437.png,1024,2041,32,0.19691777544708478,success
438,./data/raw/images\sample_438.jpg,./data/raw/tooth_masks\sample_438.png,1024,2041,29,0.1524825070431161,success
439,./data/raw/images\sample_439.jpg,./data/raw/tooth_masks\sample_439.png,1024,2041,20,0.1201310632043116,success
44,./data/raw/images\sample_44.jpg,./data/raw/tooth_masks\sample_44.png,1024,2041,19,0.10831948952719256,success
440,./data/raw/images\sample_440.jpg,./data/raw/tooth_masks\sample_440.png,1024,2041,29,0.1392891046055855,success
441,./data/raw/images\sample_441.jpg,./data/raw/tooth_masks\sample_441.png,1024,2041,24,0.11857315654091131,success
442,./data/raw/images\sample_442.jpg,./data/raw/tooth_masks\sample_442.png,1024,2041,20,0.07791686443532582,success
443,./data/raw/images\sample_443.jpg,./data/raw/tooth_masks\sample_443.png,1024,2041,19,0.1181501867956884,success
444,./data/raw/images\sample_444.jpg,./data/raw/tooth_masks\sample_444.png,1024,2041,28,0.16528547586967174,success
445,./data/raw/images\sample_445.jpg,./data/raw/tooth_masks\sample_445.png,1024,2041,23,0.12229902238486036,success
446,./data/raw/images\sample_446.jpg,./data/raw/tooth_masks\sample_446.png,1024,2038,18,0.08574055829857703,success
447,./data/raw/images\sample_447.jpg,./data/raw/tooth_masks\sample_447.png,1024,2041,27,0.19380435448309652,success
448,./data/raw/images\sample_448.jpg,./data/raw/tooth_masks\sample_448.png,1024,2041,25,0.1494298520945615,success
449,./data/raw/images\sample_449.jpg,./data/raw/tooth_masks\sample_449.png,1024,2041,28,0.18730669708476236,success
45,./data/raw/images\sample_45.jpg,./data/raw/tooth_masks\sample_45.png,1024,2041,29,0.2203485768312102,success
450,./data/raw/images\sample_450.jpg,./data/raw/tooth_masks\sample_450.png,1024,2041,26,0.12781341866731993,success
451,./data/raw/images\sample_451.jpg,./data/raw/tooth_masks\sample_451.png,1024,2041,32,0.19786132334027437,success
452,./data/raw/images\sample_452.jpg,./data/raw/tooth_masks\sample_452.png,1024,2041,32,0.20789919922831945,success
453,./data/raw/images\sample_453.jpg,./data/raw/tooth_masks\sample_453.png,1024,1852,29,0.1765468918736501,success
454,./data/raw/images\sample_454.jpg,./data/raw/tooth_masks\sample_454.png,1024,2043,32,0.16315811612824277,success
455,./data/raw/images\sample_455.jpg,./data/raw/tooth_masks\sample_455.png,1024,2041,12,0.0611593198799608,success
456,./data/raw/images\sample_456.jpg,./data/raw/tooth_masks\sample_456.png,1024,2041,32,0.17099126117711905,success
457,./data/raw/images\sample_457.jpg,./data/raw/tooth_masks\sample_457.png,1024,2041,27,0.15857394123591376,success
458,./data/raw/images\sample_458.jpg,./data/raw/tooth_masks\sample_458.png,1024,2041,20,0.08937580383390495,success
459,./data/raw/images\sample_459.jpg,./data/raw/tooth_masks\sample_459.png,1024,2041,20,0.10126823937408133,success
46,./data/raw/images\sample_46.jpg,./data/raw/tooth_masks\sample_46.png,1024,2041,29,0.20692981381675649,success
460,./data/raw/images\sample_460.jpg,./data/raw/tooth_masks\sample_460.png,1024,2041,30,0.17708556620529153,success
461,./data/raw/images\sample_461.jpg,./data/raw/tooth_masks\sample_461.png,1024,2041,32,0.22161365828637922,success
462,./data/raw/images\sample_462.jpg,./data/raw/tooth_masks\sample_462.png,1024,2041,13,0.06202774758084272,success
463,./data/raw/images\sample_463.jpg,./data/raw/tooth_masks\sample_463.png,1024,2041,30,0.19565700024497795,success
464,./data/raw/images\sample_464.jpg,./data/raw/tooth_masks\sample_464.png,1024,2041,29,0.19745892791523764,success
465,./data/raw/images\sample_465.jpg,./data/raw/tooth_masks\sample_465.png,1024,2041,22,0.14211783439490447,success
466,./data/raw/images\sample_466.jpg,./data/raw/tooth_masks\sample_466.png,1024,2038,14,0.07299541140210991,success
467,./data/raw/images\sample_467.jpg,./data/raw/tooth_masks\sample_467.png,1024,2041,18,0.07626756951249387,success
468,./data/raw/images\sample_468.jpg,./data/raw/tooth_masks\sample_468.png,1024,2041,30,0.14787385932141106,success
469,./data/raw/images\sample_469.jpg,./data/raw/tooth_masks\sample_469.png,1024,2041,30,0.1713549003245958,success
47,./data/raw/images\sample_47.jpg,./data/raw/tooth_masks\sample_47.png,1024,2041,29,0.13167995544463498,success
470,./data/raw/images\sample_470.jpg,./data/raw/tooth_masks\sample_470.png,1024,2041,29,0.16026199243630573,success
471,./data/raw/images\sample_471.jpg,./data/raw/tooth_masks\sample_471.png,1024,2041,22,0.13864173122856444,success
472,./data/raw/images\sample_472.jpg,./data/raw/tooth_masks\sample_472.png,1024,2041,32,0.16273473863914747,success
473,./data/raw/images\sample_473.jpg,./data/raw/tooth_masks\sample_473.png,1024,2041,25,0.11473150033684468,success
474,./data/raw/images\sample_474.jpg,./data/raw/tooth_masks\sample_474.png,1024,2041,20,0.1110797977400784,success
475,./data/raw/images\sample_475.jpg,./data/raw/tooth_masks\sample_475.png,1024,2041,26,0.13429145869059284,success
476,./data/raw/images\sample_476.jpg,./data/raw/tooth_masks\sample_476.png,1024,2041,29,0.16454001561734444,success
477,./data/raw/images\sample_477.jpg,./data/raw/tooth_masks\sample_477.png,1024,2041,29,0.132000053588927,success
478,./data/raw/images\sample_478.jpg,./data/raw/tooth_masks\sample_478.png,1024,2041,32,0.19130481381675649,success
479,./data/raw/images\sample_479.jpg,./data/raw/tooth_masks\sample_479.png,1024,2041,32,0.16592662910338069,success
48,./data/raw/images\sample_48.jpg,./data/raw/tooth_masks\sample_48.png,1024,2041,30,0.17457597761513963,success
480,./data/raw/images\sample_480.jpg,./data/raw/tooth_masks\sample_480.png,1024,2041,31,0.20852264897721706,success
481,./data/raw/images\sample_481.jpg,./data/raw/tooth_masks\sample_481.png,1024,2041,27,0.15585765249877512,success
482,./data/raw/images\sample_482.jpg,./data/raw/tooth_masks\sample_482.png,1024,2041,28,0.17808700927853993,success
483,./data/raw/images\sample_483.jpg,./data/raw/tooth_masks\sample_483.png,1024,2041,15,0.08678774574350809,success
484,./data/raw/images\sample_484.jpg,./data/raw/tooth_masks\sample_484.png,1024,2041,28,0.17606067797648212,success
485,./data/raw/images\sample_485.jpg,./data/raw/tooth_masks\sample_485.png,1024,2041,22,0.11525590626531113,success
486,./data/raw/images\sample_486.jpg,./data/raw/tooth_masks\sample_486.png,1024,2041,30,0.19513642209701126,success
487,./data/raw/images\sample_487.jpg,./data/raw/tooth_masks\sample_487.png,1024,2041,32,0.16040122795198433,success
488,./data/raw/images\sample_488.jpg,./data/raw/tooth_masks\sample_488.png,1024,2038,29,0.17260047381010796,success
489,./data/raw/images\sample_489.jpg,./data/raw/tooth_masks\sample_489.png,1024,2041,32,0.1889435517209701,success
49,./data/raw/images\sample_49.jpg,./data/raw/tooth_masks\sample_49.png,1024,2041,32,0.20191063663645273,success
490,./data/raw/images\sample_490.jpg,./data/raw/tooth_masks\sample_490.png,1024,1852,31,0.22702968918736502,success
491,./data/raw/images\sample_491.jpg,./data/raw/tooth_masks\sample_491.png,1024,2041,27,0.13664410828025478,success
492,./data/raw/images\sample_492.jpg,./data/raw/tooth_masks\sample_492.png,1024,2041,11,0.053301843459088685,success
493,./data/raw/images\sample_493.jpg,./data/raw/tooth_masks\sample_493.png,1024,2041,27,0.149523154244243,success
494,./data/raw/images\sample_494.jpg,./data/raw/tooth_masks\sample_494.png,1024,2041,29,0.19859290788829007,success
495,./data/raw/images\sample_495.jpg,./data/raw/tooth_masks\sample_495.png,1024,2041,5,0.01807047326678099,success
496,./data/raw/images\sample_496.jpg,./data/raw/tooth_masks\sample_496.png,1024,2041,32,0.21514423076923078,success
497,./data/raw/images\sample_497.jpg,./data/raw/tooth_masks\sample_497.png,1024,2041,32,0.1754123476543361,success
498,./data/raw/images\sample_498.jpg,./data/raw/tooth_masks\sample_498.png,1024,2041,28,0.17481042917074963,success
499,./data/raw/images\sample_499.jpg,./data/raw/tooth_masks\sample_499.png,1024,2041,21,0.11793918039563939,success
5,./data/raw/images\sample_5.jpg,./data/raw/tooth_masks\sample_5.png,1024,2041,17,0.07281108372121509,success
50,./data/raw/images\sample_50.jpg,./data/raw/tooth_masks\sample_50.png,1024,2041,27,0.14641786731381676,success
500,./data/raw/images\sample_500.jpg,./data/raw/tooth_masks\sample_500.png,1024,2041,21,0.0923341996876531,success
501,./data/raw/images\sample_501.jpg,./data/raw/tooth_masks\sample_501.png,1024,2041,29,0.1802908539012739,success
502,./data/raw/images\sample_502.jpg,./data/raw/tooth_masks\sample_502.png,1024,2041,27,0.1865813326800588,success
503,./data/raw/images\sample_503.jpg,./data/raw/tooth_masks\sample_503.png,1024,2043,30,0.19113139760768477,success
504,./data/raw/images\sample_504.jpg,./data/raw/tooth_masks\sample_504.png,1024,2041,29,0.1798564008145517,success
505,./data/raw/images\sample_505.jpg,./data/raw/tooth_masks\sample_505.png,1024,2041,30,0.1458140349399804,success
506,./data/raw/images\sample_506.jpg,./data/raw/tooth_masks\sample_506.png,1024,2041,7,0.030346643802057816,success
507,./data/raw/images\sample_507.jpg,./data/raw/tooth_masks\sample_507.png,1024,2041,2,0.01619486082190103,success
508,./data/raw/images\sample_508.jpg,./data/raw/tooth_masks\sample_508.png,1024,2041,29,0.15764187668422341,success
509,./data/raw/images\sample_509.jpg,./data/raw/tooth_masks\sample_509.png,1024,2041,29,0.17279175342969133,success
51,./data/raw/images\sample_51.jpg,./data/raw/tooth_masks\sample_51.png,1024,2041,27,0.15059206194879962,success
510,./data/raw/images\sample_510.jpg,./data/raw/tooth_masks\sample_510.png,1024,2041,32,0.21631648854728075,success
511,./data/raw/images\sample_511.jpg,./data/raw/tooth_masks\sample_511.png,1024,2041,18,0.09141505389514944,success
512,./data/raw/images\sample_512.jpg,./data/raw/tooth_masks\sample_512.png,1024,2041,28,0.13712736556834884,success
513,./data/raw/images\sample_513.jpg,./data/raw/tooth_masks\sample_513.png,1024,2041,30,0.1497375099522293,success
514,./data/raw/images\sample_514.jpg,./data/raw/tooth_masks\sample_514.png,1024,2041,21,0.09657346659113179,success
515,./data/raw/images\sample_515.jpg,./data/raw/tooth_masks\sample_515.png,1024,1850,28,0.17166807432432432,success
516,./data/raw/images\sample_516.jpg,./data/raw/tooth_masks\sample_516.png,1024,2043,32,0.1606242160731767,success
517,./data/raw/images\sample_517.jpg,./data/raw/tooth_masks\sample_517.png,1024,2041,31,0.16386393388657522,success
518,./data/raw/images\sample_518.jpg,./data/raw/tooth_masks\sample_518.png,1024,2041,27,0.1895626952168055,success
519,./data/raw/images\sample_519.jpg,./data/raw/tooth_masks\sample_519.png,1024,2041,23,0.11821143128368447,success
52,./data/raw/images\sample_52.jpg,./data/raw/tooth_masks\sample_52.png,1024,2041,21,0.09512465167197452,success
520,./data/raw/images\sample_520.jpg,./data/raw/tooth_masks\sample_520.png,1024,2041,32,0.15229398885350318,success
521,./data/raw/images\sample_521.jpg,./data/raw/tooth_masks\sample_521.png,1024,2041,32,0.163757712977707,success
522,./data/raw/images\sample_522.jpg,./data/raw/tooth_masks\sample_522.png,1024,2041,30,0.14219869625796178,success
523,./data/raw/images\sample_523.jpg,./data/raw/tooth_masks\sample_523.png,1024,2041,15,0.06123874632533072,success
524,./data/raw/images\sample_524.jpg,./data/raw/tooth_masks\sample_524.png,1024,2041,26,0.1461858081210191,success
525,./data/raw/images\sample_525.jpg,./data/raw/tooth_masks\sample_525.png,1024,2041,28,0.14535517975257226,success
526,./data/raw/images\sample_526.jpg,./data/raw/tooth_masks\sample_526.png,1024,2041,27,0.11779707404458599,success
527,./data/raw/images\sample_527.jpg,./data/raw/tooth_masks\sample_527.png,1024,2043,30,0.17867269716715614,success
528,./data/raw/images\sample_528.jpg,./data/raw/tooth_masks\sample_528.png,1024,2041,32,0.1701003452658011,success
529,./data/raw/images\sample_529.jpg,./data/raw/tooth_masks\sample_529.png,1024,2041,32,0.16699601528049976,success
53,./data/raw/images\sample_53.jpg,./data/raw/tooth_masks\sample_53.png,1024,2041,16,0.07313644506369427,success
530,./data/raw/images\sample_530.jpg,./data/raw/tooth_masks\sample_530.png,1024,2041,32,0.17533579204434102,success
531,./data/raw/images\sample_531.jpg,./data/raw/tooth_masks\sample_531.png,1024,2041,32,0.15510023043238608,success
532,./data/raw/images\sample_532.jpg,./data/raw/tooth_masks\sample_532.png,1024,2041,32,0.19179716208353748,success
533,./data/raw/images\sample_533.jpg,./data/raw/tooth_masks\sample_533.png,1024,2041,22,0.12437224399804017,success
534,./data/raw/images\sample_534.jpg,./data/raw/tooth_masks\sample_534.png,1024,2041,16,0.09157247136820186,success
535,./data/raw/images\sample_535.jpg,./data/raw/tooth_masks\sample_535.png,1024,2041,26,0.13558716238975993,success
536,./data/raw/images\sample_536.jpg,./data/raw/tooth_masks\sample_536.png,1024,2041,32,0.163663932355463,success
537,./data/raw/images\sample_537.jpg,./data/raw/tooth_masks\sample_537.png,1024,1852,29,0.1688577804400648,success
538,./data/raw/images\sample_538.jpg,./data/raw/tooth_masks\sample_538.png,1024,2041,16,0.070500061244488,success
539,./data/raw/images\sample_539.jpg,./data/raw/tooth_masks\sample_539.png,1024,2041,32,0.1400092058121019,success
54,./data/raw/images\sample_54.jpg,./data/raw/tooth_masks\sample_54.png,1024,2041,21,0.10387878567491426,success
540,./data/raw/images\sample_540.jpg,./data/raw/tooth_masks\sample_540.png,1024,2041,15,0.05833154703576678,success
541,./data/raw/images\sample_541.jpg,./data/raw/tooth_masks\sample_541.png,1024,2041,32,0.1575562300955414,success
542,./data/raw/images\sample_542.jpg,./data/raw/tooth_masks\sample_542.png,1024,2043,21,0.09763187178781205,success
543,./data/raw/images\sample_543.jpg,./data/raw/tooth_masks\sample_543.png,1024,2041,32,0.14680638703454188,success
544,./data/raw/images\sample_544.jpg,./data/raw/tooth_masks\sample_544.png,1024,2041,30,0.1669625222011269,success
545,./data/raw/images\sample_545.jpg,./data/raw/tooth_masks\sample_545.png,1024,2041,25,0.1293033822268496,success
546,./data/raw/images\sample_546.jpg,./data/raw/tooth_masks\sample_546.png,1024,2038,28,0.1351997592615309,success
547,./data/raw/images\sample_547.jpg,./data/raw/tooth_masks\sample_547.png,1024,2041,26,0.11213530821288584,success
548,./data/raw/images\sample_548.jpg,./data/raw/tooth_masks\sample_548.png,1024,2041,24,0.10424768802057814,success
549,./data/raw/images\sample_549.jpg,./data/raw/tooth_masks\sample_549.png,1024,1850,28,0.17087573902027026,success
55,./data/raw/images\sample_55.jpg,./data/raw/tooth_masks\sample_55.png,1024,2041,9,0.050360194145026946,success
550,./data/raw/images\sample_550.jpg,./data/raw/tooth_masks\sample_550.png,1024,1852,31,0.1819786253037257,success
551,./data/raw/images\sample_551.jpg,./data/raw/tooth_masks\sample_551.png,1024,2041,30,0.19917042427119058,success
552,./data/raw/images\sample_552.jpg,./data/raw/tooth_masks\sample_552.png,1024,2041,25,0.13159526580107792,success
553,./data/raw/images\sample_553.jpg,./data/raw/tooth_masks\sample_553.png,1024,2041,28,0.15640502511024007,success
554,./data/raw/images\sample_554.jpg,./data/raw/tooth_masks\sample_554.png,1024,2041,30,0.19021150401151396,success
555,./data/raw/images\sample_555.jpg,./data/raw/tooth_masks\sample_555.png,1024,2041,27,0.12994788476849584,success
556,./data/raw/images\sample_556.jpg,./data/raw/tooth_masks\sample_556.png,1024,2041,18,0.1251626806712396,success
557,./data/raw/images\sample_557.jpg,./data/raw/tooth_masks\sample_557.png,1024,2043,32,0.19359742107195302,success
558,./data/raw/images\sample_558.jpg,./data/raw/tooth_masks\sample_558.png,1024,2041,30,0.17808796622366488,success
559,./data/raw/images\sample_559.jpg,./data/raw/tooth_masks\sample_559.png,1024,2041,29,0.22438975609382655,success
56,./data/raw/images\sample_56.jpg,./data/raw/tooth_masks\sample_56.png,1024,2043,9,0.034831207170827216,success
560,./data/raw/images\sample_560.jpg,./data/raw/tooth_masks\sample_560.png,1024,2041,31,0.16638548429078884,success
561,./data/raw/images\sample_561.jpg,./data/raw/tooth_masks\sample_561.png,1024,2041,12,0.05173245345418912,success
562,./data/raw/images\sample_562.jpg,./data/raw/tooth_masks\sample_562.png,1024,2041,19,0.08349202673321901,success
563,./data/raw/images\sample_563.jpg,./data/raw/tooth_masks\sample_563.png,1024,2041,32,0.17430659756246938,success
564,./data/raw/images\sample_564.jpg,./data/raw/tooth_masks\sample_564.png,1024,2041,27,0.14646284373468887,success
565,./data/raw/images\sample_565.jpg,./data/raw/tooth_masks\sample_565.png,1024,2041,15,0.06655744732974032,success
566,./data/raw/images\sample_566.jpg,./data/raw/tooth_masks\sample_566.png,1024,2041,32,0.1900937997611465,success
567,./data/raw/images\sample_567.jpg,./data/raw/tooth_masks\sample_567.png,1024,2038,32,0.17636009568204122,success
568,./data/raw/images\sample_568.jpg,./data/raw/tooth_masks\sample_568.png,1024,2041,30,0.17578938403356198,success
569,./data/raw/images\sample_569.jpg,./data/raw/tooth_masks\sample_569.png,1024,1852,31,0.13975547971787258,success
57,./data/raw/images\sample_57.jpg,./data/raw/tooth_masks\sample_57.png,1024,2041,19,0.09937588038951495,success
570,./data/raw/images\sample_570.jpg,./data/raw/tooth_masks\sample_570.png,1024,2041,25,0.10513094837089662,success
571,./data/raw/images\sample_571.jpg,./data/raw/tooth_masks\sample_571.png,1024,2038,24,0.13470189447374878,success
572,./data/raw/images\sample_572.jpg,./data/raw/tooth_masks\sample_572.png,1024,2041,16,0.1017562813878001,success
573,./data/raw/images\sample_573.jpg,./data/raw/tooth_masks\sample_573.png,1024,2041,26,0.1400761919708476,success
574,./data/raw/images\sample_574.jpg,./data/raw/tooth_masks\sample_574.png,1024,2041,32,0.2340874379899559,success
575,./data/raw/images\sample_575.jpg,./data/raw/tooth_masks\sample_575.png,1024,2041,30,0.15666483571166095,success
576,./data/raw/images\sample_576.jpg,./data/raw/tooth_masks\sample_576.png,1024,2041,32,0.1662873974154826,success
577,./data/raw/images\sample_577.jpg,./data/raw/tooth_masks\sample_577.png,1024,2041,13,0.05533056712395884,success
578,./data/raw/images\sample_578.jpg,./data/raw/tooth_masks\sample_578.png,1024,2041,21,0.11336306880818227,success
579,./data/raw/images\sample_579.jpg,./data/raw/tooth_masks\sample_579.png,1024,1852,28,0.15556872637688984,success
58,./data/raw/images\sample_58.jpg,./data/raw/tooth_masks\sample_58.png,1024,2041,15,0.07931496126286135,success
580,./data/raw/images\sample_580.jpg,./data/raw/tooth_masks\sample_580.png,1024,2041,22,0.10864963559529642,success
581,./data/raw/images\sample_581.jpg,./data/raw/tooth_masks\sample_581.png,1024,2041,32,0.16241990369304263,success
582,./data/raw/images\sample_582.jpg,./data/raw/tooth_masks\sample_582.png,1024,2041,28,0.17467693532582068,success
583,./data/raw/images\sample_583.jpg,./data/raw/tooth_masks\sample_583.png,1024,2041,19,0.0899748514821166,success
584,./data/raw/images\sample_584.jpg,./data/raw/tooth_masks\sample_584.png,1024,2041,21,0.11429704725012249,success
585,./data/raw/images\sample_585.jpg,./data/raw/tooth_masks\sample_585.png,1024,2041,31,0.1976938579434101,success
586,./data/raw/images\sample_586.jpg,./data/raw/tooth_masks\sample_586.png,1024,2041,0,0.0,success
587,./data/raw/images\sample_587.jpg,./data/raw/tooth_masks\sample_587.png,1024,2041,28,0.17146447054140126,success
588,./data/raw/images\sample_588.jpg,./data/raw/tooth_masks\sample_588.png,1024,2041,24,0.14694418713253307,success
589,./data/raw/images\sample_589.jpg,./data/raw/tooth_masks\sample_589.png,1024,2041,29,0.15631124448799608,success
59,./data/raw/images\sample_59.jpg,./data/raw/tooth_masks\sample_59.png,1024,2041,32,0.18223536639514942,success
590,./data/raw/images\sample_590.jpg,./data/raw/tooth_masks\sample_590.png,1024,2041,25,0.15235523334149925,success
591,./data/raw/images\sample_591.jpg,./data/raw/tooth_masks\sample_591.png,1024,2041,30,0.17142427884615385,success
592,./data/raw/images\sample_592.jpg,./data/raw/tooth_masks\sample_592.png,1024,2041,28,0.12634402942797648,success
593,./data/raw/images\sample_593.jpg,./data/raw/tooth_masks\sample_593.png,1024,2041,30,0.17415970648579127,success
594,./data/raw/images\sample_594.jpg,./data/raw/tooth_masks\sample_594.png,1024,2041,26,0.12737609474522293,success
595,./data/raw/images\sample_595.jpg,./data/raw/tooth_masks\sample_595.png,1024,2041,30,0.17069747902376287,success
596,./data/raw/images\sample_596.jpg,./data/raw/tooth_masks\sample_596.png,1024,2041,7,0.03351365369304263,success
597,./data/raw/images\sample_597.jpg,./data/raw/tooth_masks\sample_597.png,1024,1850,26,0.1726974239864865,success
598,./data/raw/images\sample_598.jpg,./data/raw/tooth_masks\sample_598.png,1024,2045,19,0.09356519330684597,success
6,./data/raw/images\sample_6.jpg,./data/raw/tooth_masks\sample_6.png,1024,2041,27,0.17449702964233219,success
60,./data/raw/images\sample_60.jpg,./data/raw/tooth_masks\sample_60.png,1024,2041,27,0.19583355662052915,success
61,./data/raw/images\sample_61.jpg,./data/raw/tooth_masks\sample_61.png,1024,2041,30,0.1812688518189613,success
62,./data/raw/images\sample_62.jpg,./data/raw/tooth_masks\sample_62.png,1024,2041,31,0.19082538430916218,success
63,./data/raw/images\sample_63.jpg,./data/raw/tooth_masks\sample_63.png,1024,2041,28,0.15543085497305242,success
64,./data/raw/images\sample_64.jpg,./data/raw/tooth_masks\sample_64.png,1024,2041,32,0.20540587870529153,success
65,./data/raw/images\sample_65.jpg,./data/raw/tooth_masks\sample_65.png,1024,2041,29,0.19708954709701126,success
66,./data/raw/images\sample_66.jpg,./data/raw/tooth_masks\sample_66.png,1024,1850,28,0.22022276182432432,success
67,./data/raw/images\sample_67.jpg,./data/raw/tooth_masks\sample_67.png,1024,2041,32,0.20899442292381185,success
68,./data/raw/images\sample_68.jpg,./data/raw/tooth_masks\sample_68.png,1024,2041,10,0.0427218581577658,success
69,./data/raw/images\sample_69.jpg,./data/raw/tooth_masks\sample_69.png,1024,2041,30,0.1842377740690838,success
7,./data/raw/images\sample_7.jpg,./data/raw/tooth_masks\sample_7.png,1024,2041,26,0.15921174516168546,success
70,./data/raw/images\sample_70.jpg,./data/raw/tooth_masks\sample_70.png,1024,2041,9,0.036144295841499266,success
71,./data/raw/images\sample_71.jpg,./data/raw/tooth_masks\sample_71.png,1024,2041,16,0.0828422609933856,success
72,./data/raw/images\sample_72.jpg,./data/raw/tooth_masks\sample_72.png,1024,2041,22,0.1166640510166585,success
73,./data/raw/images\sample_73.jpg,./data/raw/tooth_masks\sample_73.png,1024,2041,32,0.2098140464233219,success
74,./data/raw/images\sample_74.jpg,./data/raw/tooth_masks\sample_74.png,1024,2038,22,0.09996492425171737,success
75,./data/raw/images\sample_75.jpg,./data/raw/tooth_masks\sample_75.png,1024,2041,23,0.12309663614649681,success
76,./data/raw/images\sample_76.jpg,./data/raw/tooth_masks\sample_76.png,1024,2041,15,0.07723647645149437,success
77,./data/raw/images\sample_77.jpg,./data/raw/tooth_masks\sample_77.png,1024,2041,8,0.03484189352645762,success
78,./data/raw/images\sample_78.jpg,./data/raw/tooth_masks\sample_78.png,1024,2041,32,0.1831138420198432,success
79,./data/raw/images\sample_79.jpg,./data/raw/tooth_masks\sample_79.png,1024,2041,9,0.03183517194390005,success
8,./data/raw/images\sample_8.jpg,./data/raw/tooth_masks\sample_8.png,1024,1852,30,0.21414771193304535,success
80,./data/raw/images\sample_80.jpg,./data/raw/tooth_masks\sample_80.png,1024,2041,32,0.22458210206393925,success
81,./data/raw/images\sample_81.jpg,./data/raw/tooth_masks\sample_81.png,1024,2041,32,0.18675406127511024,success
82,./data/raw/images\sample_82.jpg,./data/raw/tooth_masks\sample_82.png,1024,2041,27,0.15867585589171976,success
83,./data/raw/images\sample_83.jpg,./data/raw/tooth_masks\sample_83.png,1024,2041,30,0.170343887800098,success
84,./data/raw/images\sample_84.jpg,./data/raw/tooth_masks\sample_84.png,1024,2041,31,0.184593757655561,success
85,./data/raw/images\sample_85.jpg,./data/raw/tooth_masks\sample_85.png,1024,2041,32,0.21120640158010778,success
86,./data/raw/images\sample_86.jpg,./data/raw/tooth_masks\sample_86.png,1024,2041,32,0.21332220725134737,success
87,./data/raw/images\sample_87.jpg,./data/raw/tooth_masks\sample_87.png,1024,2041,26,0.18867943486648703,success
88,./data/raw/images\sample_88.jpg,./data/raw/tooth_masks\sample_88.png,1024,2041,22,0.14424129562714355,success
89,./data/raw/images\sample_89.jpg,./data/raw/tooth_masks\sample_89.png,1024,2041,27,0.1474920382165605,success
9,./data/raw/images\sample_9.jpg,./data/raw/tooth_masks\sample_9.png,1024,1850,28,0.16827333192567567,success
90,./data/raw/images\sample_90.jpg,./data/raw/tooth_masks\sample_90.png,1024,2041,28,0.18715262891964723,success
91,./data/raw/images\sample_91.jpg,./data/raw/tooth_masks\sample_91.png,1024,2041,13,0.07653838498285154,success
92,./data/raw/images\sample_92.jpg,./data/raw/tooth_masks\sample_92.png,1024,2041,29,0.17613244886085253,success
93,./data/raw/images\sample_93.jpg,./data/raw/tooth_masks\sample_93.png,1024,2041,29,0.18243823876163645,success
94,./data/raw/images\sample_94.jpg,./data/raw/tooth_masks\sample_94.png,1024,2041,7,0.02692269414502695,success
95,./data/raw/images\sample_95.jpg,./data/raw/tooth_masks\sample_95.png,1024,2038,32,0.23527968596663396,success
96,./data/raw/images\sample_96.jpg,./data/raw/tooth_masks\sample_96.png,1024,2041,15,0.07618622917687408,success
97,./data/raw/images\sample_97.jpg,./data/raw/tooth_masks\sample_97.png,1024,2041,21,0.1271048008023028,success
98,./data/raw/images\sample_98.jpg,./data/raw/tooth_masks\sample_98.png,1024,2043,14,0.07044156112334801,success
99,./data/raw/images\sample_99.jpg,./data/raw/tooth_masks\sample_99.png,1024,2043,29,0.16813270542706804,success
