image_path,mask_path,split
./data/raw/images\sample_532.jpg,./data/raw/tooth_masks\sample_532.png,train
./data/raw/images\sample_261.jpg,./data/raw/tooth_masks\sample_261.png,train
./data/raw/images\sample_318.jpg,./data/raw/tooth_masks\sample_318.png,train
./data/raw/images\sample_242.jpg,./data/raw/tooth_masks\sample_242.png,train
./data/raw/images\sample_327.jpg,./data/raw/tooth_masks\sample_327.png,train
./data/raw/images\sample_342.jpg,./data/raw/tooth_masks\sample_342.png,train
./data/raw/images\sample_312.jpg,./data/raw/tooth_masks\sample_312.png,train
./data/raw/images\sample_87.jpg,./data/raw/tooth_masks\sample_87.png,train
./data/raw/images\sample_559.jpg,./data/raw/tooth_masks\sample_559.png,train
./data/raw/images\sample_406.jpg,./data/raw/tooth_masks\sample_406.png,train
./data/raw/images\sample_294.jpg,./data/raw/tooth_masks\sample_294.png,train
./data/raw/images\sample_589.jpg,./data/raw/tooth_masks\sample_589.png,train
./data/raw/images\sample_330.jpg,./data/raw/tooth_masks\sample_330.png,train
./data/raw/images\sample_27.jpg,./data/raw/tooth_masks\sample_27.png,train
./data/raw/images\sample_38.jpg,./data/raw/tooth_masks\sample_38.png,train
./data/raw/images\sample_204.jpg,./data/raw/tooth_masks\sample_204.png,train
./data/raw/images\sample_558.jpg,./data/raw/tooth_masks\sample_558.png,train
./data/raw/images\sample_224.jpg,./data/raw/tooth_masks\sample_224.png,train
./data/raw/images\sample_281.jpg,./data/raw/tooth_masks\sample_281.png,train
./data/raw/images\sample_297.jpg,./data/raw/tooth_masks\sample_297.png,train
./data/raw/images\sample_218.jpg,./data/raw/tooth_masks\sample_218.png,train
./data/raw/images\sample_501.jpg,./data/raw/tooth_masks\sample_501.png,train
./data/raw/images\sample_230.jpg,./data/raw/tooth_masks\sample_230.png,train
./data/raw/images\sample_174.jpg,./data/raw/tooth_masks\sample_174.png,train
./data/raw/images\sample_95.jpg,./data/raw/tooth_masks\sample_95.png,train
./data/raw/images\sample_26.jpg,./data/raw/tooth_masks\sample_26.png,train
./data/raw/images\sample_512.jpg,./data/raw/tooth_masks\sample_512.png,train
./data/raw/images\sample_592.jpg,./data/raw/tooth_masks\sample_592.png,train
./data/raw/images\sample_424.jpg,./data/raw/tooth_masks\sample_424.png,train
./data/raw/images\sample_458.jpg,./data/raw/tooth_masks\sample_458.png,train
./data/raw/images\sample_416.jpg,./data/raw/tooth_masks\sample_416.png,train
./data/raw/images\sample_545.jpg,./data/raw/tooth_masks\sample_545.png,train
./data/raw/images\sample_226.jpg,./data/raw/tooth_masks\sample_226.png,train
./data/raw/images\sample_11.jpg,./data/raw/tooth_masks\sample_11.png,train
./data/raw/images\sample_187.jpg,./data/raw/tooth_masks\sample_187.png,train
./data/raw/images\sample_152.jpg,./data/raw/tooth_masks\sample_152.png,train
./data/raw/images\sample_413.jpg,./data/raw/tooth_masks\sample_413.png,train
./data/raw/images\sample_254.jpg,./data/raw/tooth_masks\sample_254.png,train
./data/raw/images\sample_118.jpg,./data/raw/tooth_masks\sample_118.png,train
./data/raw/images\sample_233.jpg,./data/raw/tooth_masks\sample_233.png,train
./data/raw/images\sample_337.jpg,./data/raw/tooth_masks\sample_337.png,train
./data/raw/images\sample_423.jpg,./data/raw/tooth_masks\sample_423.png,train
./data/raw/images\sample_329.jpg,./data/raw/tooth_masks\sample_329.png,train
./data/raw/images\sample_446.jpg,./data/raw/tooth_masks\sample_446.png,train
./data/raw/images\sample_596.jpg,./data/raw/tooth_masks\sample_596.png,train
./data/raw/images\sample_183.jpg,./data/raw/tooth_masks\sample_183.png,train
./data/raw/images\sample_219.jpg,./data/raw/tooth_masks\sample_219.png,train
./data/raw/images\sample_471.jpg,./data/raw/tooth_masks\sample_471.png,train
./data/raw/images\sample_58.jpg,./data/raw/tooth_masks\sample_58.png,train
./data/raw/images\sample_259.jpg,./data/raw/tooth_masks\sample_259.png,train
./data/raw/images\sample_290.jpg,./data/raw/tooth_masks\sample_290.png,train
./data/raw/images\sample_340.jpg,./data/raw/tooth_masks\sample_340.png,train
./data/raw/images\sample_373.jpg,./data/raw/tooth_masks\sample_373.png,train
./data/raw/images\sample_167.jpg,./data/raw/tooth_masks\sample_167.png,train
./data/raw/images\sample_270.jpg,./data/raw/tooth_masks\sample_270.png,train
./data/raw/images\sample_383.jpg,./data/raw/tooth_masks\sample_383.png,train
./data/raw/images\sample_389.jpg,./data/raw/tooth_masks\sample_389.png,train
./data/raw/images\sample_196.jpg,./data/raw/tooth_masks\sample_196.png,train
./data/raw/images\sample_462.jpg,./data/raw/tooth_masks\sample_462.png,train
./data/raw/images\sample_369.jpg,./data/raw/tooth_masks\sample_369.png,train
./data/raw/images\sample_18.jpg,./data/raw/tooth_masks\sample_18.png,train
./data/raw/images\sample_352.jpg,./data/raw/tooth_masks\sample_352.png,train
./data/raw/images\sample_493.jpg,./data/raw/tooth_masks\sample_493.png,train
./data/raw/images\sample_387.jpg,./data/raw/tooth_masks\sample_387.png,train
./data/raw/images\sample_366.jpg,./data/raw/tooth_masks\sample_366.png,train
./data/raw/images\sample_341.jpg,./data/raw/tooth_masks\sample_341.png,train
./data/raw/images\sample_448.jpg,./data/raw/tooth_masks\sample_448.png,train
./data/raw/images\sample_550.jpg,./data/raw/tooth_masks\sample_550.png,train
./data/raw/images\sample_595.jpg,./data/raw/tooth_masks\sample_595.png,train
./data/raw/images\sample_426.jpg,./data/raw/tooth_masks\sample_426.png,train
./data/raw/images\sample_251.jpg,./data/raw/tooth_masks\sample_251.png,train
./data/raw/images\sample_206.jpg,./data/raw/tooth_masks\sample_206.png,train
./data/raw/images\sample_496.jpg,./data/raw/tooth_masks\sample_496.png,train
./data/raw/images\sample_280.jpg,./data/raw/tooth_masks\sample_280.png,train
./data/raw/images\sample_531.jpg,./data/raw/tooth_masks\sample_531.png,train
./data/raw/images\sample_548.jpg,./data/raw/tooth_masks\sample_548.png,train
./data/raw/images\sample_51.jpg,./data/raw/tooth_masks\sample_51.png,train
./data/raw/images\sample_112.jpg,./data/raw/tooth_masks\sample_112.png,train
./data/raw/images\sample_491.jpg,./data/raw/tooth_masks\sample_491.png,train
./data/raw/images\sample_478.jpg,./data/raw/tooth_masks\sample_478.png,train
./data/raw/images\sample_99.jpg,./data/raw/tooth_masks\sample_99.png,train
./data/raw/images\sample_526.jpg,./data/raw/tooth_masks\sample_526.png,train
./data/raw/images\sample_3.jpg,./data/raw/tooth_masks\sample_3.png,train
./data/raw/images\sample_539.jpg,./data/raw/tooth_masks\sample_539.png,train
./data/raw/images\sample_353.jpg,./data/raw/tooth_masks\sample_353.png,train
./data/raw/images\sample_232.jpg,./data/raw/tooth_masks\sample_232.png,train
./data/raw/images\sample_440.jpg,./data/raw/tooth_masks\sample_440.png,train
./data/raw/images\sample_159.jpg,./data/raw/tooth_masks\sample_159.png,train
./data/raw/images\sample_269.jpg,./data/raw/tooth_masks\sample_269.png,train
./data/raw/images\sample_67.jpg,./data/raw/tooth_masks\sample_67.png,train
./data/raw/images\sample_477.jpg,./data/raw/tooth_masks\sample_477.png,train
./data/raw/images\sample_52.jpg,./data/raw/tooth_masks\sample_52.png,train
./data/raw/images\sample_583.jpg,./data/raw/tooth_masks\sample_583.png,train
./data/raw/images\sample_537.jpg,./data/raw/tooth_masks\sample_537.png,train
./data/raw/images\sample_556.jpg,./data/raw/tooth_masks\sample_556.png,train
./data/raw/images\sample_217.jpg,./data/raw/tooth_masks\sample_217.png,train
./data/raw/images\sample_574.jpg,./data/raw/tooth_masks\sample_574.png,train
./data/raw/images\sample_207.jpg,./data/raw/tooth_masks\sample_207.png,train
./data/raw/images\sample_557.jpg,./data/raw/tooth_masks\sample_557.png,train
./data/raw/images\sample_24.jpg,./data/raw/tooth_masks\sample_24.png,train
./data/raw/images\sample_549.jpg,./data/raw/tooth_masks\sample_549.png,train
./data/raw/images\sample_190.jpg,./data/raw/tooth_masks\sample_190.png,train
./data/raw/images\sample_266.jpg,./data/raw/tooth_masks\sample_266.png,train
./data/raw/images\sample_379.jpg,./data/raw/tooth_masks\sample_379.png,train
./data/raw/images\sample_510.jpg,./data/raw/tooth_masks\sample_510.png,train
./data/raw/images\sample_365.jpg,./data/raw/tooth_masks\sample_365.png,train
./data/raw/images\sample_274.jpg,./data/raw/tooth_masks\sample_274.png,train
./data/raw/images\sample_102.jpg,./data/raw/tooth_masks\sample_102.png,train
./data/raw/images\sample_551.jpg,./data/raw/tooth_masks\sample_551.png,train
./data/raw/images\sample_166.jpg,./data/raw/tooth_masks\sample_166.png,train
./data/raw/images\sample_119.jpg,./data/raw/tooth_masks\sample_119.png,train
./data/raw/images\sample_479.jpg,./data/raw/tooth_masks\sample_479.png,train
./data/raw/images\sample_111.jpg,./data/raw/tooth_masks\sample_111.png,train
./data/raw/images\sample_502.jpg,./data/raw/tooth_masks\sample_502.png,train
./data/raw/images\sample_137.jpg,./data/raw/tooth_masks\sample_137.png,train
./data/raw/images\sample_321.jpg,./data/raw/tooth_masks\sample_321.png,train
./data/raw/images\sample_197.jpg,./data/raw/tooth_masks\sample_197.png,train
./data/raw/images\sample_177.jpg,./data/raw/tooth_masks\sample_177.png,train
./data/raw/images\sample_412.jpg,./data/raw/tooth_masks\sample_412.png,train
./data/raw/images\sample_464.jpg,./data/raw/tooth_masks\sample_464.png,train
./data/raw/images\sample_83.jpg,./data/raw/tooth_masks\sample_83.png,train
./data/raw/images\sample_63.jpg,./data/raw/tooth_masks\sample_63.png,train
./data/raw/images\sample_467.jpg,./data/raw/tooth_masks\sample_467.png,train
./data/raw/images\sample_395.jpg,./data/raw/tooth_masks\sample_395.png,train
./data/raw/images\sample_474.jpg,./data/raw/tooth_masks\sample_474.png,train
./data/raw/images\sample_106.jpg,./data/raw/tooth_masks\sample_106.png,train
./data/raw/images\sample_507.jpg,./data/raw/tooth_masks\sample_507.png,train
./data/raw/images\sample_563.jpg,./data/raw/tooth_masks\sample_563.png,train
./data/raw/images\sample_61.jpg,./data/raw/tooth_masks\sample_61.png,train
./data/raw/images\sample_468.jpg,./data/raw/tooth_masks\sample_468.png,train
./data/raw/images\sample_420.jpg,./data/raw/tooth_masks\sample_420.png,train
./data/raw/images\sample_547.jpg,./data/raw/tooth_masks\sample_547.png,train
./data/raw/images\sample_48.jpg,./data/raw/tooth_masks\sample_48.png,train
./data/raw/images\sample_517.jpg,./data/raw/tooth_masks\sample_517.png,train
./data/raw/images\sample_248.jpg,./data/raw/tooth_masks\sample_248.png,train
./data/raw/images\sample_54.jpg,./data/raw/tooth_masks\sample_54.png,train
./data/raw/images\sample_323.jpg,./data/raw/tooth_masks\sample_323.png,train
./data/raw/images\sample_145.jpg,./data/raw/tooth_masks\sample_145.png,train
./data/raw/images\sample_535.jpg,./data/raw/tooth_masks\sample_535.png,train
./data/raw/images\sample_459.jpg,./data/raw/tooth_masks\sample_459.png,train
./data/raw/images\sample_255.jpg,./data/raw/tooth_masks\sample_255.png,train
./data/raw/images\sample_361.jpg,./data/raw/tooth_masks\sample_361.png,train
./data/raw/images\sample_408.jpg,./data/raw/tooth_masks\sample_408.png,train
./data/raw/images\sample_308.jpg,./data/raw/tooth_masks\sample_308.png,train
./data/raw/images\sample_160.jpg,./data/raw/tooth_masks\sample_160.png,train
./data/raw/images\sample_375.jpg,./data/raw/tooth_masks\sample_375.png,train
./data/raw/images\sample_56.jpg,./data/raw/tooth_masks\sample_56.png,train
./data/raw/images\sample_268.jpg,./data/raw/tooth_masks\sample_268.png,train
./data/raw/images\sample_360.jpg,./data/raw/tooth_masks\sample_360.png,train
./data/raw/images\sample_77.jpg,./data/raw/tooth_masks\sample_77.png,train
./data/raw/images\sample_195.jpg,./data/raw/tooth_masks\sample_195.png,train
./data/raw/images\sample_14.jpg,./data/raw/tooth_masks\sample_14.png,train
./data/raw/images\sample_264.jpg,./data/raw/tooth_masks\sample_264.png,train
./data/raw/images\sample_153.jpg,./data/raw/tooth_masks\sample_153.png,train
./data/raw/images\sample_287.jpg,./data/raw/tooth_masks\sample_287.png,train
./data/raw/images\sample_336.jpg,./data/raw/tooth_masks\sample_336.png,train
./data/raw/images\sample_260.jpg,./data/raw/tooth_masks\sample_260.png,train
./data/raw/images\sample_181.jpg,./data/raw/tooth_masks\sample_181.png,train
./data/raw/images\sample_552.jpg,./data/raw/tooth_masks\sample_552.png,train
./data/raw/images\sample_156.jpg,./data/raw/tooth_masks\sample_156.png,train
./data/raw/images\sample_82.jpg,./data/raw/tooth_masks\sample_82.png,train
./data/raw/images\sample_5.jpg,./data/raw/tooth_masks\sample_5.png,train
./data/raw/images\sample_482.jpg,./data/raw/tooth_masks\sample_482.png,train
./data/raw/images\sample_497.jpg,./data/raw/tooth_masks\sample_497.png,train
./data/raw/images\sample_75.jpg,./data/raw/tooth_masks\sample_75.png,train
./data/raw/images\sample_85.jpg,./data/raw/tooth_masks\sample_85.png,train
./data/raw/images\sample_44.jpg,./data/raw/tooth_masks\sample_44.png,train
./data/raw/images\sample_2.jpg,./data/raw/tooth_masks\sample_2.png,train
./data/raw/images\sample_132.jpg,./data/raw/tooth_masks\sample_132.png,train
./data/raw/images\sample_385.jpg,./data/raw/tooth_masks\sample_385.png,train
./data/raw/images\sample_234.jpg,./data/raw/tooth_masks\sample_234.png,train
./data/raw/images\sample_516.jpg,./data/raw/tooth_masks\sample_516.png,train
./data/raw/images\sample_480.jpg,./data/raw/tooth_masks\sample_480.png,train
./data/raw/images\sample_305.jpg,./data/raw/tooth_masks\sample_305.png,train
./data/raw/images\sample_386.jpg,./data/raw/tooth_masks\sample_386.png,train
./data/raw/images\sample_116.jpg,./data/raw/tooth_masks\sample_116.png,train
./data/raw/images\sample_124.jpg,./data/raw/tooth_masks\sample_124.png,train
./data/raw/images\sample_407.jpg,./data/raw/tooth_masks\sample_407.png,train
./data/raw/images\sample_229.jpg,./data/raw/tooth_masks\sample_229.png,train
./data/raw/images\sample_374.jpg,./data/raw/tooth_masks\sample_374.png,train
./data/raw/images\sample_483.jpg,./data/raw/tooth_masks\sample_483.png,train
./data/raw/images\sample_201.jpg,./data/raw/tooth_masks\sample_201.png,train
./data/raw/images\sample_34.jpg,./data/raw/tooth_masks\sample_34.png,train
./data/raw/images\sample_575.jpg,./data/raw/tooth_masks\sample_575.png,train
./data/raw/images\sample_76.jpg,./data/raw/tooth_masks\sample_76.png,train
./data/raw/images\sample_59.jpg,./data/raw/tooth_masks\sample_59.png,train
./data/raw/images\sample_378.jpg,./data/raw/tooth_masks\sample_378.png,train
./data/raw/images\sample_484.jpg,./data/raw/tooth_masks\sample_484.png,train
./data/raw/images\sample_109.jpg,./data/raw/tooth_masks\sample_109.png,train
./data/raw/images\sample_541.jpg,./data/raw/tooth_masks\sample_541.png,train
./data/raw/images\sample_456.jpg,./data/raw/tooth_masks\sample_456.png,train
./data/raw/images\sample_279.jpg,./data/raw/tooth_masks\sample_279.png,train
./data/raw/images\sample_12.jpg,./data/raw/tooth_masks\sample_12.png,train
./data/raw/images\sample_110.jpg,./data/raw/tooth_masks\sample_110.png,train
./data/raw/images\sample_465.jpg,./data/raw/tooth_masks\sample_465.png,train
./data/raw/images\sample_212.jpg,./data/raw/tooth_masks\sample_212.png,train
./data/raw/images\sample_317.jpg,./data/raw/tooth_masks\sample_317.png,train
./data/raw/images\sample_291.jpg,./data/raw/tooth_masks\sample_291.png,train
./data/raw/images\sample_246.jpg,./data/raw/tooth_masks\sample_246.png,train
./data/raw/images\sample_578.jpg,./data/raw/tooth_masks\sample_578.png,train
./data/raw/images\sample_146.jpg,./data/raw/tooth_masks\sample_146.png,train
./data/raw/images\sample_179.jpg,./data/raw/tooth_masks\sample_179.png,train
./data/raw/images\sample_265.jpg,./data/raw/tooth_masks\sample_265.png,train
./data/raw/images\sample_147.jpg,./data/raw/tooth_masks\sample_147.png,train
./data/raw/images\sample_239.jpg,./data/raw/tooth_masks\sample_239.png,train
./data/raw/images\sample_443.jpg,./data/raw/tooth_masks\sample_443.png,train
./data/raw/images\sample_161.jpg,./data/raw/tooth_masks\sample_161.png,train
./data/raw/images\sample_134.jpg,./data/raw/tooth_masks\sample_134.png,train
./data/raw/images\sample_562.jpg,./data/raw/tooth_masks\sample_562.png,train
./data/raw/images\sample_271.jpg,./data/raw/tooth_masks\sample_271.png,train
./data/raw/images\sample_402.jpg,./data/raw/tooth_masks\sample_402.png,train
./data/raw/images\sample_492.jpg,./data/raw/tooth_masks\sample_492.png,train
./data/raw/images\sample_481.jpg,./data/raw/tooth_masks\sample_481.png,train
./data/raw/images\sample_351.jpg,./data/raw/tooth_masks\sample_351.png,train
./data/raw/images\sample_122.jpg,./data/raw/tooth_masks\sample_122.png,train
./data/raw/images\sample_425.jpg,./data/raw/tooth_masks\sample_425.png,train
./data/raw/images\sample_168.jpg,./data/raw/tooth_masks\sample_168.png,train
./data/raw/images\sample_227.jpg,./data/raw/tooth_masks\sample_227.png,train
./data/raw/images\sample_289.jpg,./data/raw/tooth_masks\sample_289.png,train
./data/raw/images\sample_253.jpg,./data/raw/tooth_masks\sample_253.png,train
./data/raw/images\sample_525.jpg,./data/raw/tooth_masks\sample_525.png,train
./data/raw/images\sample_333.jpg,./data/raw/tooth_masks\sample_333.png,train
./data/raw/images\sample_576.jpg,./data/raw/tooth_masks\sample_576.png,train
./data/raw/images\sample_343.jpg,./data/raw/tooth_masks\sample_343.png,train
./data/raw/images\sample_240.jpg,./data/raw/tooth_masks\sample_240.png,train
./data/raw/images\sample_169.jpg,./data/raw/tooth_masks\sample_169.png,train
./data/raw/images\sample_262.jpg,./data/raw/tooth_masks\sample_262.png,train
./data/raw/images\sample_225.jpg,./data/raw/tooth_masks\sample_225.png,train
./data/raw/images\sample_292.jpg,./data/raw/tooth_masks\sample_292.png,train
./data/raw/images\sample_503.jpg,./data/raw/tooth_masks\sample_503.png,train
./data/raw/images\sample_472.jpg,./data/raw/tooth_masks\sample_472.png,train
./data/raw/images\sample_164.jpg,./data/raw/tooth_masks\sample_164.png,train
./data/raw/images\sample_69.jpg,./data/raw/tooth_masks\sample_69.png,train
./data/raw/images\sample_155.jpg,./data/raw/tooth_masks\sample_155.png,train
./data/raw/images\sample_388.jpg,./data/raw/tooth_masks\sample_388.png,train
./data/raw/images\sample_114.jpg,./data/raw/tooth_masks\sample_114.png,train
./data/raw/images\sample_8.jpg,./data/raw/tooth_masks\sample_8.png,train
./data/raw/images\sample_91.jpg,./data/raw/tooth_masks\sample_91.png,train
./data/raw/images\sample_129.jpg,./data/raw/tooth_masks\sample_129.png,train
./data/raw/images\sample_500.jpg,./data/raw/tooth_masks\sample_500.png,train
./data/raw/images\sample_216.jpg,./data/raw/tooth_masks\sample_216.png,train
./data/raw/images\sample_520.jpg,./data/raw/tooth_masks\sample_520.png,train
./data/raw/images\sample_223.jpg,./data/raw/tooth_masks\sample_223.png,train
./data/raw/images\sample_363.jpg,./data/raw/tooth_masks\sample_363.png,train
./data/raw/images\sample_384.jpg,./data/raw/tooth_masks\sample_384.png,train
./data/raw/images\sample_23.jpg,./data/raw/tooth_masks\sample_23.png,train
./data/raw/images\sample_6.jpg,./data/raw/tooth_masks\sample_6.png,train
./data/raw/images\sample_33.jpg,./data/raw/tooth_masks\sample_33.png,train
./data/raw/images\sample_100.jpg,./data/raw/tooth_masks\sample_100.png,train
./data/raw/images\sample_115.jpg,./data/raw/tooth_masks\sample_115.png,train
./data/raw/images\sample_403.jpg,./data/raw/tooth_masks\sample_403.png,train
./data/raw/images\sample_273.jpg,./data/raw/tooth_masks\sample_273.png,train
./data/raw/images\sample_314.jpg,./data/raw/tooth_masks\sample_314.png,train
./data/raw/images\sample_358.jpg,./data/raw/tooth_masks\sample_358.png,train
./data/raw/images\sample_581.jpg,./data/raw/tooth_masks\sample_581.png,train
./data/raw/images\sample_238.jpg,./data/raw/tooth_masks\sample_238.png,train
./data/raw/images\sample_417.jpg,./data/raw/tooth_masks\sample_417.png,train
./data/raw/images\sample_560.jpg,./data/raw/tooth_masks\sample_560.png,train
./data/raw/images\sample_591.jpg,./data/raw/tooth_masks\sample_591.png,train
./data/raw/images\sample_476.jpg,./data/raw/tooth_masks\sample_476.png,train
./data/raw/images\sample_436.jpg,./data/raw/tooth_masks\sample_436.png,train
./data/raw/images\sample_7.jpg,./data/raw/tooth_masks\sample_7.png,train
./data/raw/images\sample_22.jpg,./data/raw/tooth_masks\sample_22.png,train
./data/raw/images\sample_245.jpg,./data/raw/tooth_masks\sample_245.png,train
./data/raw/images\sample_580.jpg,./data/raw/tooth_masks\sample_580.png,train
./data/raw/images\sample_393.jpg,./data/raw/tooth_masks\sample_393.png,train
./data/raw/images\sample_117.jpg,./data/raw/tooth_masks\sample_117.png,train
./data/raw/images\sample_441.jpg,./data/raw/tooth_masks\sample_441.png,train
./data/raw/images\sample_582.jpg,./data/raw/tooth_masks\sample_582.png,train
./data/raw/images\sample_400.jpg,./data/raw/tooth_masks\sample_400.png,train
./data/raw/images\sample_208.jpg,./data/raw/tooth_masks\sample_208.png,train
./data/raw/images\sample_430.jpg,./data/raw/tooth_masks\sample_430.png,train
./data/raw/images\sample_469.jpg,./data/raw/tooth_masks\sample_469.png,train
./data/raw/images\sample_88.jpg,./data/raw/tooth_masks\sample_88.png,train
./data/raw/images\sample_136.jpg,./data/raw/tooth_masks\sample_136.png,train
./data/raw/images\sample_540.jpg,./data/raw/tooth_masks\sample_540.png,train
./data/raw/images\sample_355.jpg,./data/raw/tooth_masks\sample_355.png,train
./data/raw/images\sample_506.jpg,./data/raw/tooth_masks\sample_506.png,train
./data/raw/images\sample_485.jpg,./data/raw/tooth_masks\sample_485.png,train
./data/raw/images\sample_332.jpg,./data/raw/tooth_masks\sample_332.png,train
./data/raw/images\sample_320.jpg,./data/raw/tooth_masks\sample_320.png,train
./data/raw/images\sample_382.jpg,./data/raw/tooth_masks\sample_382.png,train
./data/raw/images\sample_359.jpg,./data/raw/tooth_masks\sample_359.png,train
./data/raw/images\sample_244.jpg,./data/raw/tooth_masks\sample_244.png,train
./data/raw/images\sample_4.jpg,./data/raw/tooth_masks\sample_4.png,train
./data/raw/images\sample_350.jpg,./data/raw/tooth_masks\sample_350.png,train
./data/raw/images\sample_475.jpg,./data/raw/tooth_masks\sample_475.png,train
./data/raw/images\sample_20.jpg,./data/raw/tooth_masks\sample_20.png,train
./data/raw/images\sample_236.jpg,./data/raw/tooth_masks\sample_236.png,train
./data/raw/images\sample_394.jpg,./data/raw/tooth_masks\sample_394.png,train
./data/raw/images\sample_170.jpg,./data/raw/tooth_masks\sample_170.png,train
./data/raw/images\sample_325.jpg,./data/raw/tooth_masks\sample_325.png,train
./data/raw/images\sample_587.jpg,./data/raw/tooth_masks\sample_587.png,train
./data/raw/images\sample_533.jpg,./data/raw/tooth_masks\sample_533.png,train
./data/raw/images\sample_231.jpg,./data/raw/tooth_masks\sample_231.png,train
./data/raw/images\sample_505.jpg,./data/raw/tooth_masks\sample_505.png,train
./data/raw/images\sample_486.jpg,./data/raw/tooth_masks\sample_486.png,train
./data/raw/images\sample_28.jpg,./data/raw/tooth_masks\sample_28.png,train
./data/raw/images\sample_504.jpg,./data/raw/tooth_masks\sample_504.png,train
./data/raw/images\sample_275.jpg,./data/raw/tooth_masks\sample_275.png,train
./data/raw/images\sample_460.jpg,./data/raw/tooth_masks\sample_460.png,train
./data/raw/images\sample_429.jpg,./data/raw/tooth_masks\sample_429.png,train
./data/raw/images\sample_285.jpg,./data/raw/tooth_masks\sample_285.png,train
./data/raw/images\sample_495.jpg,./data/raw/tooth_masks\sample_495.png,train
./data/raw/images\sample_322.jpg,./data/raw/tooth_masks\sample_322.png,train
./data/raw/images\sample_42.jpg,./data/raw/tooth_masks\sample_42.png,train
./data/raw/images\sample_411.jpg,./data/raw/tooth_masks\sample_411.png,train
./data/raw/images\sample_176.jpg,./data/raw/tooth_masks\sample_176.png,train
./data/raw/images\sample_422.jpg,./data/raw/tooth_masks\sample_422.png,train
./data/raw/images\sample_141.jpg,./data/raw/tooth_masks\sample_141.png,train
./data/raw/images\sample_105.jpg,./data/raw/tooth_masks\sample_105.png,train
./data/raw/images\sample_65.jpg,./data/raw/tooth_masks\sample_65.png,train
./data/raw/images\sample_98.jpg,./data/raw/tooth_masks\sample_98.png,train
./data/raw/images\sample_513.jpg,./data/raw/tooth_masks\sample_513.png,train
./data/raw/images\sample_461.jpg,./data/raw/tooth_masks\sample_461.png,train
./data/raw/images\sample_304.jpg,./data/raw/tooth_masks\sample_304.png,train
./data/raw/images\sample_133.jpg,./data/raw/tooth_masks\sample_133.png,train
./data/raw/images\sample_494.jpg,./data/raw/tooth_masks\sample_494.png,train
./data/raw/images\sample_313.jpg,./data/raw/tooth_masks\sample_313.png,train
./data/raw/images\sample_421.jpg,./data/raw/tooth_masks\sample_421.png,train
./data/raw/images\sample_184.jpg,./data/raw/tooth_masks\sample_184.png,train
./data/raw/images\sample_405.jpg,./data/raw/tooth_masks\sample_405.png,train
./data/raw/images\sample_554.jpg,./data/raw/tooth_masks\sample_554.png,train
./data/raw/images\sample_307.jpg,./data/raw/tooth_masks\sample_307.png,train
./data/raw/images\sample_546.jpg,./data/raw/tooth_masks\sample_546.png,train
./data/raw/images\sample_70.jpg,./data/raw/tooth_masks\sample_70.png,train
./data/raw/images\sample_189.jpg,./data/raw/tooth_masks\sample_189.png,train
./data/raw/images\sample_60.jpg,./data/raw/tooth_masks\sample_60.png,train
./data/raw/images\sample_149.jpg,./data/raw/tooth_masks\sample_149.png,train
./data/raw/images\sample_439.jpg,./data/raw/tooth_masks\sample_439.png,train
./data/raw/images\sample_286.jpg,./data/raw/tooth_masks\sample_286.png,train
./data/raw/images\sample_127.jpg,./data/raw/tooth_masks\sample_127.png,train
./data/raw/images\sample_144.jpg,./data/raw/tooth_masks\sample_144.png,train
./data/raw/images\sample_399.jpg,./data/raw/tooth_masks\sample_399.png,train
./data/raw/images\sample_401.jpg,./data/raw/tooth_masks\sample_401.png,train
./data/raw/images\sample_84.jpg,./data/raw/tooth_masks\sample_84.png,train
./data/raw/images\sample_62.jpg,./data/raw/tooth_masks\sample_62.png,train
./data/raw/images\sample_29.jpg,./data/raw/tooth_masks\sample_29.png,train
./data/raw/images\sample_457.jpg,./data/raw/tooth_masks\sample_457.png,train
./data/raw/images\sample_263.jpg,./data/raw/tooth_masks\sample_263.png,train
./data/raw/images\sample_71.jpg,./data/raw/tooth_masks\sample_71.png,train
./data/raw/images\sample_463.jpg,./data/raw/tooth_masks\sample_463.png,train
./data/raw/images\sample_143.jpg,./data/raw/tooth_masks\sample_143.png,train
./data/raw/images\sample_142.jpg,./data/raw/tooth_masks\sample_142.png,train
./data/raw/images\sample_188.jpg,./data/raw/tooth_masks\sample_188.png,train
./data/raw/images\sample_288.jpg,./data/raw/tooth_masks\sample_288.png,train
./data/raw/images\sample_585.jpg,./data/raw/tooth_masks\sample_585.png,train
./data/raw/images\sample_211.jpg,./data/raw/tooth_masks\sample_211.png,train
./data/raw/images\sample_319.jpg,./data/raw/tooth_masks\sample_319.png,train
./data/raw/images\sample_367.jpg,./data/raw/tooth_masks\sample_367.png,train
./data/raw/images\sample_364.jpg,./data/raw/tooth_masks\sample_364.png,train
./data/raw/images\sample_565.jpg,./data/raw/tooth_masks\sample_565.png,train
./data/raw/images\sample_511.jpg,./data/raw/tooth_masks\sample_511.png,train
./data/raw/images\sample_199.jpg,./data/raw/tooth_masks\sample_199.png,train
./data/raw/images\sample_47.jpg,./data/raw/tooth_masks\sample_47.png,train
./data/raw/images\sample_409.jpg,./data/raw/tooth_masks\sample_409.png,train
./data/raw/images\sample_94.jpg,./data/raw/tooth_masks\sample_94.png,train
./data/raw/images\sample_209.jpg,./data/raw/tooth_masks\sample_209.png,train
./data/raw/images\sample_338.jpg,./data/raw/tooth_masks\sample_338.png,train
./data/raw/images\sample_81.jpg,./data/raw/tooth_masks\sample_81.png,train
./data/raw/images\sample_252.jpg,./data/raw/tooth_masks\sample_252.png,train
./data/raw/images\sample_113.jpg,./data/raw/tooth_masks\sample_113.png,train
./data/raw/images\sample_13.jpg,./data/raw/tooth_masks\sample_13.png,train
./data/raw/images\sample_435.jpg,./data/raw/tooth_masks\sample_435.png,train
./data/raw/images\sample_89.jpg,./data/raw/tooth_masks\sample_89.png,train
./data/raw/images\sample_568.jpg,./data/raw/tooth_masks\sample_568.png,train
./data/raw/images\sample_427.jpg,./data/raw/tooth_masks\sample_427.png,train
./data/raw/images\sample_131.jpg,./data/raw/tooth_masks\sample_131.png,train
./data/raw/images\sample_101.jpg,./data/raw/tooth_masks\sample_101.png,train
./data/raw/images\sample_542.jpg,./data/raw/tooth_masks\sample_542.png,train
./data/raw/images\sample_453.jpg,./data/raw/tooth_masks\sample_453.png,train
./data/raw/images\sample_205.jpg,./data/raw/tooth_masks\sample_205.png,train
./data/raw/images\sample_521.jpg,./data/raw/tooth_masks\sample_521.png,train
./data/raw/images\sample_372.jpg,./data/raw/tooth_masks\sample_372.png,train
./data/raw/images\sample_108.jpg,./data/raw/tooth_masks\sample_108.png,train
./data/raw/images\sample_256.jpg,./data/raw/tooth_masks\sample_256.png,train
./data/raw/images\sample_528.jpg,./data/raw/tooth_masks\sample_528.png,train
./data/raw/images\sample_203.jpg,./data/raw/tooth_masks\sample_203.png,train
./data/raw/images\sample_553.jpg,./data/raw/tooth_masks\sample_553.png,train
./data/raw/images\sample_154.jpg,./data/raw/tooth_masks\sample_154.png,train
./data/raw/images\sample_309.jpg,./data/raw/tooth_masks\sample_309.png,train
./data/raw/images\sample_339.jpg,./data/raw/tooth_masks\sample_339.png,train
./data/raw/images\sample_572.jpg,./data/raw/tooth_masks\sample_572.png,train
./data/raw/images\sample_49.jpg,./data/raw/tooth_masks\sample_49.png,train
./data/raw/images\sample_571.jpg,./data/raw/tooth_masks\sample_571.png,train
./data/raw/images\sample_41.jpg,./data/raw/tooth_masks\sample_41.png,train
./data/raw/images\sample_544.jpg,./data/raw/tooth_masks\sample_544.png,train
./data/raw/images\sample_72.jpg,./data/raw/tooth_masks\sample_72.png,train
./data/raw/images\sample_43.jpg,./data/raw/tooth_masks\sample_43.png,train
./data/raw/images\sample_192.jpg,./data/raw/tooth_masks\sample_192.png,train
./data/raw/images\sample_419.jpg,./data/raw/tooth_masks\sample_419.png,train
./data/raw/images\sample_584.jpg,./data/raw/tooth_masks\sample_584.png,train
./data/raw/images\sample_538.jpg,./data/raw/tooth_masks\sample_538.png,train
./data/raw/images\sample_487.jpg,./data/raw/tooth_masks\sample_487.png,train
./data/raw/images\sample_198.jpg,./data/raw/tooth_masks\sample_198.png,train
./data/raw/images\sample_53.jpg,./data/raw/tooth_masks\sample_53.png,train
./data/raw/images\sample_380.jpg,./data/raw/tooth_masks\sample_380.png,train
./data/raw/images\sample_523.jpg,./data/raw/tooth_masks\sample_523.png,train
./data/raw/images\sample_555.jpg,./data/raw/tooth_masks\sample_555.png,train
./data/raw/images\sample_175.jpg,./data/raw/tooth_masks\sample_175.png,train
./data/raw/images\sample_97.jpg,./data/raw/tooth_masks\sample_97.png,train
./data/raw/images\sample_32.jpg,./data/raw/tooth_masks\sample_32.png,train
./data/raw/images\sample_404.jpg,./data/raw/tooth_masks\sample_404.png,train
./data/raw/images\sample_158.jpg,./data/raw/tooth_masks\sample_158.png,train
./data/raw/images\sample_157.jpg,./data/raw/tooth_masks\sample_157.png,train
./data/raw/images\sample_454.jpg,./data/raw/tooth_masks\sample_454.png,train
./data/raw/images\sample_346.jpg,./data/raw/tooth_masks\sample_346.png,train
./data/raw/images\sample_588.jpg,./data/raw/tooth_masks\sample_588.png,train
./data/raw/images\sample_130.jpg,./data/raw/tooth_masks\sample_130.png,train
./data/raw/images\sample_324.jpg,./data/raw/tooth_masks\sample_324.png,train
./data/raw/images\sample_438.jpg,./data/raw/tooth_masks\sample_438.png,train
./data/raw/images\sample_138.jpg,./data/raw/tooth_masks\sample_138.png,train
./data/raw/images\sample_135.jpg,./data/raw/tooth_masks\sample_135.png,train
./data/raw/images\sample_362.jpg,./data/raw/tooth_masks\sample_362.png,train
./data/raw/images\sample_210.jpg,./data/raw/tooth_masks\sample_210.png,train
./data/raw/images\sample_125.jpg,./data/raw/tooth_masks\sample_125.png,train
./data/raw/images\sample_21.jpg,./data/raw/tooth_masks\sample_21.png,val
./data/raw/images\sample_241.jpg,./data/raw/tooth_masks\sample_241.png,val
./data/raw/images\sample_473.jpg,./data/raw/tooth_masks\sample_473.png,val
./data/raw/images\sample_543.jpg,./data/raw/tooth_masks\sample_543.png,val
./data/raw/images\sample_515.jpg,./data/raw/tooth_masks\sample_515.png,val
./data/raw/images\sample_107.jpg,./data/raw/tooth_masks\sample_107.png,val
./data/raw/images\sample_577.jpg,./data/raw/tooth_masks\sample_577.png,val
./data/raw/images\sample_249.jpg,./data/raw/tooth_masks\sample_249.png,val
./data/raw/images\sample_377.jpg,./data/raw/tooth_masks\sample_377.png,val
./data/raw/images\sample_1.jpg,./data/raw/tooth_masks\sample_1.png,val
./data/raw/images\sample_345.jpg,./data/raw/tooth_masks\sample_345.png,val
./data/raw/images\sample_46.jpg,./data/raw/tooth_masks\sample_46.png,val
./data/raw/images\sample_573.jpg,./data/raw/tooth_masks\sample_573.png,val
./data/raw/images\sample_173.jpg,./data/raw/tooth_masks\sample_173.png,val
./data/raw/images\sample_50.jpg,./data/raw/tooth_masks\sample_50.png,val
./data/raw/images\sample_272.jpg,./data/raw/tooth_masks\sample_272.png,val
./data/raw/images\sample_534.jpg,./data/raw/tooth_masks\sample_534.png,val
./data/raw/images\sample_191.jpg,./data/raw/tooth_masks\sample_191.png,val
./data/raw/images\sample_381.jpg,./data/raw/tooth_masks\sample_381.png,val
./data/raw/images\sample_499.jpg,./data/raw/tooth_masks\sample_499.png,val
./data/raw/images\sample_396.jpg,./data/raw/tooth_masks\sample_396.png,val
./data/raw/images\sample_489.jpg,./data/raw/tooth_masks\sample_489.png,val
./data/raw/images\sample_237.jpg,./data/raw/tooth_masks\sample_237.png,val
./data/raw/images\sample_39.jpg,./data/raw/tooth_masks\sample_39.png,val
./data/raw/images\sample_148.jpg,./data/raw/tooth_masks\sample_148.png,val
./data/raw/images\sample_334.jpg,./data/raw/tooth_masks\sample_334.png,val
./data/raw/images\sample_182.jpg,./data/raw/tooth_masks\sample_182.png,val
./data/raw/images\sample_452.jpg,./data/raw/tooth_masks\sample_452.png,val
./data/raw/images\sample_331.jpg,./data/raw/tooth_masks\sample_331.png,val
./data/raw/images\sample_55.jpg,./data/raw/tooth_masks\sample_55.png,val
./data/raw/images\sample_432.jpg,./data/raw/tooth_masks\sample_432.png,val
./data/raw/images\sample_518.jpg,./data/raw/tooth_masks\sample_518.png,val
./data/raw/images\sample_10.jpg,./data/raw/tooth_masks\sample_10.png,val
./data/raw/images\sample_31.jpg,./data/raw/tooth_masks\sample_31.png,val
./data/raw/images\sample_598.jpg,./data/raw/tooth_masks\sample_598.png,val
./data/raw/images\sample_30.jpg,./data/raw/tooth_masks\sample_30.png,val
./data/raw/images\sample_235.jpg,./data/raw/tooth_masks\sample_235.png,val
./data/raw/images\sample_570.jpg,./data/raw/tooth_masks\sample_570.png,val
./data/raw/images\sample_257.jpg,./data/raw/tooth_masks\sample_257.png,val
./data/raw/images\sample_397.jpg,./data/raw/tooth_masks\sample_397.png,val
./data/raw/images\sample_455.jpg,./data/raw/tooth_masks\sample_455.png,val
./data/raw/images\sample_222.jpg,./data/raw/tooth_masks\sample_222.png,val
./data/raw/images\sample_447.jpg,./data/raw/tooth_masks\sample_447.png,val
./data/raw/images\sample_566.jpg,./data/raw/tooth_masks\sample_566.png,val
./data/raw/images\sample_509.jpg,./data/raw/tooth_masks\sample_509.png,val
./data/raw/images\sample_415.jpg,./data/raw/tooth_masks\sample_415.png,val
./data/raw/images\sample_151.jpg,./data/raw/tooth_masks\sample_151.png,val
./data/raw/images\sample_433.jpg,./data/raw/tooth_masks\sample_433.png,val
./data/raw/images\sample_530.jpg,./data/raw/tooth_masks\sample_530.png,val
./data/raw/images\sample_103.jpg,./data/raw/tooth_masks\sample_103.png,val
./data/raw/images\sample_536.jpg,./data/raw/tooth_masks\sample_536.png,val
./data/raw/images\sample_356.jpg,./data/raw/tooth_masks\sample_356.png,val
./data/raw/images\sample_215.jpg,./data/raw/tooth_masks\sample_215.png,val
./data/raw/images\sample_64.jpg,./data/raw/tooth_masks\sample_64.png,val
./data/raw/images\sample_316.jpg,./data/raw/tooth_masks\sample_316.png,val
./data/raw/images\sample_529.jpg,./data/raw/tooth_masks\sample_529.png,val
./data/raw/images\sample_276.jpg,./data/raw/tooth_masks\sample_276.png,val
./data/raw/images\sample_278.jpg,./data/raw/tooth_masks\sample_278.png,val
./data/raw/images\sample_569.jpg,./data/raw/tooth_masks\sample_569.png,val
./data/raw/images\sample_376.jpg,./data/raw/tooth_masks\sample_376.png,val
./data/raw/images\sample_564.jpg,./data/raw/tooth_masks\sample_564.png,val
./data/raw/images\sample_74.jpg,./data/raw/tooth_masks\sample_74.png,val
./data/raw/images\sample_466.jpg,./data/raw/tooth_masks\sample_466.png,val
./data/raw/images\sample_590.jpg,./data/raw/tooth_masks\sample_590.png,val
./data/raw/images\sample_390.jpg,./data/raw/tooth_masks\sample_390.png,val
./data/raw/images\sample_17.jpg,./data/raw/tooth_masks\sample_17.png,val
./data/raw/images\sample_15.jpg,./data/raw/tooth_masks\sample_15.png,val
./data/raw/images\sample_498.jpg,./data/raw/tooth_masks\sample_498.png,val
./data/raw/images\sample_120.jpg,./data/raw/tooth_masks\sample_120.png,val
./data/raw/images\sample_449.jpg,./data/raw/tooth_masks\sample_449.png,val
./data/raw/images\sample_593.jpg,./data/raw/tooth_masks\sample_593.png,val
./data/raw/images\sample_328.jpg,./data/raw/tooth_masks\sample_328.png,val
./data/raw/images\sample_335.jpg,./data/raw/tooth_masks\sample_335.png,val
./data/raw/images\sample_162.jpg,./data/raw/tooth_masks\sample_162.png,val
./data/raw/images\sample_200.jpg,./data/raw/tooth_masks\sample_200.png,val
./data/raw/images\sample_267.jpg,./data/raw/tooth_masks\sample_267.png,val
./data/raw/images\sample_284.jpg,./data/raw/tooth_masks\sample_284.png,val
./data/raw/images\sample_37.jpg,./data/raw/tooth_masks\sample_37.png,val
./data/raw/images\sample_79.jpg,./data/raw/tooth_masks\sample_79.png,val
./data/raw/images\sample_298.jpg,./data/raw/tooth_masks\sample_298.png,val
./data/raw/images\sample_370.jpg,./data/raw/tooth_masks\sample_370.png,val
./data/raw/images\sample_445.jpg,./data/raw/tooth_masks\sample_445.png,val
./data/raw/images\sample_220.jpg,./data/raw/tooth_masks\sample_220.png,val
./data/raw/images\sample_349.jpg,./data/raw/tooth_masks\sample_349.png,val
./data/raw/images\sample_36.jpg,./data/raw/tooth_masks\sample_36.png,val
./data/raw/images\sample_444.jpg,./data/raw/tooth_masks\sample_444.png,val
./data/raw/images\sample_213.jpg,./data/raw/tooth_masks\sample_213.png,val
./data/raw/images\sample_594.jpg,./data/raw/tooth_masks\sample_594.png,val
./data/raw/images\sample_221.jpg,./data/raw/tooth_masks\sample_221.png,val
./data/raw/images\sample_579.jpg,./data/raw/tooth_masks\sample_579.png,test
./data/raw/images\sample_57.jpg,./data/raw/tooth_masks\sample_57.png,test
./data/raw/images\sample_398.jpg,./data/raw/tooth_masks\sample_398.png,test
./data/raw/images\sample_522.jpg,./data/raw/tooth_masks\sample_522.png,test
./data/raw/images\sample_508.jpg,./data/raw/tooth_masks\sample_508.png,test
./data/raw/images\sample_282.jpg,./data/raw/tooth_masks\sample_282.png,test
./data/raw/images\sample_561.jpg,./data/raw/tooth_masks\sample_561.png,test
./data/raw/images\sample_296.jpg,./data/raw/tooth_masks\sample_296.png,test
./data/raw/images\sample_391.jpg,./data/raw/tooth_masks\sample_391.png,test
./data/raw/images\sample_295.jpg,./data/raw/tooth_masks\sample_295.png,test
./data/raw/images\sample_16.jpg,./data/raw/tooth_masks\sample_16.png,test
./data/raw/images\sample_348.jpg,./data/raw/tooth_masks\sample_348.png,test
./data/raw/images\sample_470.jpg,./data/raw/tooth_masks\sample_470.png,test
./data/raw/images\sample_392.jpg,./data/raw/tooth_masks\sample_392.png,test
./data/raw/images\sample_9.jpg,./data/raw/tooth_masks\sample_9.png,test
./data/raw/images\sample_311.jpg,./data/raw/tooth_masks\sample_311.png,test
./data/raw/images\sample_150.jpg,./data/raw/tooth_masks\sample_150.png,test
./data/raw/images\sample_40.jpg,./data/raw/tooth_masks\sample_40.png,test
./data/raw/images\sample_302.jpg,./data/raw/tooth_masks\sample_302.png,test
./data/raw/images\sample_35.jpg,./data/raw/tooth_masks\sample_35.png,test
./data/raw/images\sample_450.jpg,./data/raw/tooth_masks\sample_450.png,test
./data/raw/images\sample_527.jpg,./data/raw/tooth_masks\sample_527.png,test
./data/raw/images\sample_250.jpg,./data/raw/tooth_masks\sample_250.png,test
./data/raw/images\sample_96.jpg,./data/raw/tooth_masks\sample_96.png,test
./data/raw/images\sample_258.jpg,./data/raw/tooth_masks\sample_258.png,test
./data/raw/images\sample_165.jpg,./data/raw/tooth_masks\sample_165.png,test
./data/raw/images\sample_347.jpg,./data/raw/tooth_masks\sample_347.png,test
./data/raw/images\sample_293.jpg,./data/raw/tooth_masks\sample_293.png,test
./data/raw/images\sample_428.jpg,./data/raw/tooth_masks\sample_428.png,test
./data/raw/images\sample_442.jpg,./data/raw/tooth_masks\sample_442.png,test
./data/raw/images\sample_25.jpg,./data/raw/tooth_masks\sample_25.png,test
./data/raw/images\sample_437.jpg,./data/raw/tooth_masks\sample_437.png,test
./data/raw/images\sample_519.jpg,./data/raw/tooth_masks\sample_519.png,test
./data/raw/images\sample_73.jpg,./data/raw/tooth_masks\sample_73.png,test
./data/raw/images\sample_68.jpg,./data/raw/tooth_masks\sample_68.png,test
./data/raw/images\sample_193.jpg,./data/raw/tooth_masks\sample_193.png,test
./data/raw/images\sample_86.jpg,./data/raw/tooth_masks\sample_86.png,test
./data/raw/images\sample_172.jpg,./data/raw/tooth_masks\sample_172.png,test
./data/raw/images\sample_368.jpg,./data/raw/tooth_masks\sample_368.png,test
./data/raw/images\sample_310.jpg,./data/raw/tooth_masks\sample_310.png,test
./data/raw/images\sample_140.jpg,./data/raw/tooth_masks\sample_140.png,test
./data/raw/images\sample_163.jpg,./data/raw/tooth_masks\sample_163.png,test
./data/raw/images\sample_277.jpg,./data/raw/tooth_masks\sample_277.png,test
./data/raw/images\sample_434.jpg,./data/raw/tooth_masks\sample_434.png,test
./data/raw/images\sample_371.jpg,./data/raw/tooth_masks\sample_371.png,test
./data/raw/images\sample_171.jpg,./data/raw/tooth_masks\sample_171.png,test
./data/raw/images\sample_45.jpg,./data/raw/tooth_masks\sample_45.png,test
./data/raw/images\sample_214.jpg,./data/raw/tooth_masks\sample_214.png,test
./data/raw/images\sample_597.jpg,./data/raw/tooth_masks\sample_597.png,test
./data/raw/images\sample_524.jpg,./data/raw/tooth_masks\sample_524.png,test
./data/raw/images\sample_139.jpg,./data/raw/tooth_masks\sample_139.png,test
./data/raw/images\sample_344.jpg,./data/raw/tooth_masks\sample_344.png,test
./data/raw/images\sample_418.jpg,./data/raw/tooth_masks\sample_418.png,test
./data/raw/images\sample_431.jpg,./data/raw/tooth_masks\sample_431.png,test
./data/raw/images\sample_19.jpg,./data/raw/tooth_masks\sample_19.png,test
./data/raw/images\sample_451.jpg,./data/raw/tooth_masks\sample_451.png,test
./data/raw/images\sample_185.jpg,./data/raw/tooth_masks\sample_185.png,test
./data/raw/images\sample_93.jpg,./data/raw/tooth_masks\sample_93.png,test
./data/raw/images\sample_410.jpg,./data/raw/tooth_masks\sample_410.png,test
./data/raw/images\sample_299.jpg,./data/raw/tooth_masks\sample_299.png,test
./data/raw/images\sample_243.jpg,./data/raw/tooth_masks\sample_243.png,test
./data/raw/images\sample_78.jpg,./data/raw/tooth_masks\sample_78.png,test
./data/raw/images\sample_414.jpg,./data/raw/tooth_masks\sample_414.png,test
./data/raw/images\sample_90.jpg,./data/raw/tooth_masks\sample_90.png,test
./data/raw/images\sample_247.jpg,./data/raw/tooth_masks\sample_247.png,test
./data/raw/images\sample_104.jpg,./data/raw/tooth_masks\sample_104.png,test
./data/raw/images\sample_357.jpg,./data/raw/tooth_masks\sample_357.png,test
./data/raw/images\sample_514.jpg,./data/raw/tooth_masks\sample_514.png,test
./data/raw/images\sample_303.jpg,./data/raw/tooth_masks\sample_303.png,test
./data/raw/images\sample_488.jpg,./data/raw/tooth_masks\sample_488.png,test
./data/raw/images\sample_92.jpg,./data/raw/tooth_masks\sample_92.png,test
./data/raw/images\sample_283.jpg,./data/raw/tooth_masks\sample_283.png,test
./data/raw/images\sample_80.jpg,./data/raw/tooth_masks\sample_80.png,test
./data/raw/images\sample_123.jpg,./data/raw/tooth_masks\sample_123.png,test
./data/raw/images\sample_567.jpg,./data/raw/tooth_masks\sample_567.png,test
./data/raw/images\sample_315.jpg,./data/raw/tooth_masks\sample_315.png,test
./data/raw/images\sample_301.jpg,./data/raw/tooth_masks\sample_301.png,test
./data/raw/images\sample_186.jpg,./data/raw/tooth_masks\sample_186.png,test
./data/raw/images\sample_126.jpg,./data/raw/tooth_masks\sample_126.png,test
./data/raw/images\sample_128.jpg,./data/raw/tooth_masks\sample_128.png,test
./data/raw/images\sample_490.jpg,./data/raw/tooth_masks\sample_490.png,test
./data/raw/images\sample_180.jpg,./data/raw/tooth_masks\sample_180.png,test
./data/raw/images\sample_66.jpg,./data/raw/tooth_masks\sample_66.png,test
./data/raw/images\sample_194.jpg,./data/raw/tooth_masks\sample_194.png,test
./data/raw/images\sample_228.jpg,./data/raw/tooth_masks\sample_228.png,test
./data/raw/images\sample_306.jpg,./data/raw/tooth_masks\sample_306.png,test
./data/raw/images\sample_326.jpg,./data/raw/tooth_masks\sample_326.png,test
./data/raw/images\sample_354.jpg,./data/raw/tooth_masks\sample_354.png,test
./data/raw/images\sample_121.jpg,./data/raw/tooth_masks\sample_121.png,test
./data/raw/images\sample_202.jpg,./data/raw/tooth_masks\sample_202.png,test
