test_index,image_name,mask_name,dice,iou,accuracy,precision,recall,specificity,f1_score,psnr,map_instance_iou0.5,map_pixel_pr_auc,inference_time_sec,tp,fp,tn,fn,gt_pixel_count,pred_pixel_count
1,sample_579.jpg,sample_579.png,0.706916868686676,0.5466910004615784,0.8752910704643628,0.5571608285613545,0.9667692557995622,0.8584381361542516,0.7069164283302449,9.041024208068848,0.0,0.6891083607203573,0.11201310157775879,285224,226700,1374720,9804,295028,511924
2,sample_57.jpg,sample_57.png,0.5507482290267944,0.38002246618270874,0.8460447544096031,0.38784295063519053,0.9496133735209028,0.8346168762518875,0.550747819907262,8.126054763793945,0.0,0.5517607343725903,0.09596896171569824,197229,311299,1570991,10465,207694,508528
3,sample_398.jpg,sample_398.png,0.6818476915359497,0.5172753930091858,0.883194425324278,0.5250019047170293,0.9723357878360187,0.8700241560604005,0.6818472576408864,9.325364112854004,0.0,0.7402749567860168,0.09401798248291016,261851,236911,1585820,7450,269301,498762
4,sample_522.jpg,sample_522.png,0.6532169580459595,0.4850202202796936,0.8502065087579618,0.486894360604501,0.9921263286820614,0.8266802990422047,0.6532165389346765,8.245070457458496,0.0,0.7000214112191211,0.09787631034851074,294853,310726,1482065,2340,297193,605579
5,sample_508.jpg,sample_508.png,0.7407378554344177,0.58823162317276,0.8924259707251347,0.5973015444992286,0.9748352652298855,0.8770036040591094,0.7407373653260758,9.682926177978516,0.0,0.7266381947517,0.09211492538452148,321178,216537,1543978,8291,329469,537715
6,sample_282.jpg,sample_282.png,0.7375509738922119,0.5842223763465881,0.8823010128307203,0.6263615985277677,0.8967362822677475,0.8790367337935887,0.7375505008915871,9.292272567749023,0.0,0.7292051204292003,0.0945749282836914,345647,206186,1498348,39803,385450,551833
7,sample_561.jpg,sample_561.png,0.3287676274776459,0.19672167301177979,0.8258302455903969,0.20531848248851794,0.8245098039231917,0.8259022818922863,0.3287673092465092,7.590272903442383,0.0,0.37703790600650394,0.09434700012207031,89146,345038,1636826,18974,108120,434184
8,sample_296.jpg,sample_296.png,0.6883695125579834,0.5248196721076965,0.8898953293422343,0.5309617670601917,0.978433772973389,0.8773293571395678,0.6883690418924151,9.581942558288574,0.0,0.6555990532148422,0.09616827964782715,254156,224515,1605711,5602,259758,478671
9,sample_391.jpg,sample_391.png,0.744537353515625,0.5930382609367371,0.8801655897844194,0.6073511106384131,0.9617809049464733,0.8620595914445237,0.7445368812054775,9.214184761047363,0.0,0.7535682824119976,0.09850764274597168,364967,235949,1474565,14503,379470,600916
10,sample_295.jpg,sample_295.png,0.510482668876648,0.34271684288978577,0.8292393625979911,0.36071636953750646,0.8729055258472985,0.8242794665826456,0.5104822768949135,7.676122188568115,0.0,0.6257455160127152,0.09774041175842285,186086,329793,1547011,27094,213180,515879
11,sample_16.jpg,sample_16.png,0.7118433117866516,0.5526061654090881,0.8602998874632533,0.6066329903468953,0.8612049078937486,0.8600731197980768,0.7118428448833176,8.548032760620117,0.0,0.7254433939820515,0.09447526931762695,360633,233850,1437380,58121,418754,594483
12,sample_348.jpg,sample_348.png,0.6089720726013184,0.43778565526008606,0.8631616318593827,0.44168952515933174,0.9802104836900221,0.8488860544355444,0.6089716518980463,8.637921333312988,0.0,0.6978369372906048,0.09475016593933105,222695,281494,1581299,4496,227191,504189
13,sample_470.jpg,sample_470.png,0.7038744688034058,0.5430604219436646,0.8681257846950025,0.549790866611922,0.9779545895595457,0.8471652196903617,0.7038739957524776,8.79840087890625,0.0,0.6861571947483878,0.09737896919250488,327561,268231,1486808,7384,334945,595792
14,sample_392.jpg,sample_392.png,0.7960451245307922,0.6611918210983276,0.9012334971479392,0.6787565641162595,0.9623359689941927,0.885930301325411,0.7960446405537411,10.053902626037598,0.0,0.7688756496552778,0.10419130325317383,402242,190374,1478553,15743,417985,592616
15,sample_9.jpg,sample_9.png,0.7676185369491577,0.6228740811347961,0.9063692989864864,0.6590545565809192,0.9190029393591163,0.9038132852846754,0.7676180271569586,10.28581714630127,0.0,0.7596122847687379,0.0995931625366211,292957,151554,1424069,25820,318777,444511
16,sample_311.jpg,sample_311.png,0.521192729473114,0.35244131088256836,0.8378212464784419,0.3823505028158813,0.8183636984699061,0.840173638727915,0.5211923214783349,7.900060653686523,0.0,0.49477873134738287,0.10289216041564941,184478,298006,1566555,40945,225423,482484
17,sample_150.jpg,sample_150.png,0.7853822708129883,0.6466085910797119,0.9073662764882411,0.6531924819439904,0.9846509636927061,0.8912966081809783,0.7853817968323062,10.332308769226074,0.16666666666666666,0.7171616954104494,0.10827136039733887,354240,188081,1542141,5522,359762,542321
18,sample_40.jpg,sample_40.png,0.7475169897079468,0.596828043460846,0.8875378950269476,0.5996949327824893,0.9920537165341087,0.8664617128953755,0.7475165295107409,9.489937782287598,0.0,0.6291119448966078,0.10965466499328613,347943,232257,1506997,2787,350730,580200
19,sample_302.jpg,sample_302.png,0.594681978225708,0.4231654107570648,0.8523438456945125,0.42495025716217116,0.9901721083823991,0.8354139927548055,0.5946815695887924,8.30748462677002,0.0,0.698035863502944,0.11173367500305176,226388,306352,1554997,2247,228635,532740
20,sample_35.jpg,sample_35.png,0.7896302938461304,0.6523876786231995,0.8919173543912298,0.6914709691314529,0.9202691702394958,0.8839010893575842,0.789629797816864,9.662440299987793,0.0,0.6465077831293469,0.1160118579864502,423945,189161,1440148,36730,460675,613106
21,sample_450.jpg,sample_450.png,0.650269091129303,0.4817768633365631,0.863539146711171,0.4835208321565188,0.9925691054476035,0.8446306235929527,0.6502686624685317,8.649919509887695,0.0,0.5084925905623219,0.11222696304321289,265143,283216,1539640,1985,267128,548359
22,sample_527.jpg,sample_527.png,0.7281551361083984,0.5725188255310059,0.8710779758627019,0.5841589122095366,0.9663660514355255,0.8503488738206119,0.7281546451188953,8.896728515625,0.0,0.7250235513541595,0.11314797401428223,361217,257137,1461106,12572,373789,618354
23,sample_250.jpg,sample_250.png,0.7698320150375366,0.6257942318916321,0.8778563133445946,0.6623293931588456,0.9189938893337188,0.8660995172171763,0.7698315541954013,9.131290435791016,0.0,0.7640818276083305,0.10442757606506348,386958,197280,1276053,34109,421067,584238
24,sample_96.jpg,sample_96.png,0.5009627342224121,0.33418965339660645,0.8482131920627144,0.3341896486602565,1.0,0.8356954477935918,0.5009623609576893,8.187660217285156,0.0,0.5639221057183256,0.10805821418762207,159228,317232,1613524,0,159228,476460
25,sample_258.jpg,sample_258.png,0.7594305276870728,0.6121628284454346,0.8827012393696004,0.6206781344856175,0.9780799251224892,0.8604310220351069,0.7594300337558892,9.307065963745117,0.0,0.5989859713544685,0.10407686233520508,351117,214582,1322880,7869,358986,565699
26,sample_165.jpg,sample_165.png,0.7531105875968933,0.6039915084838867,0.8714412417319114,0.6599128636970639,0.876961572748874,0.8698515239476416,0.7531101208348943,8.90898323059082,0.0,0.6727818169073548,0.10477685928344727,371851,191634,1280792,52171,424022,563485
27,sample_347.jpg,sample_347.png,0.750122606754303,0.6001569628715515,0.8644783883512984,0.6577850050986785,0.8726177403301089,0.8620042937655162,0.7501221380132164,8.679914474487305,0.0,0.7833757990411588,0.1092214584350586,425135,221178,1381611,62060,487195,646313
28,sample_293.jpg,sample_293.png,0.4803950786590576,0.3161315619945526,0.8279776304507594,0.31693396136593577,0.9920550594527956,0.8136794808308676,0.48039470872182255,7.644150257110596,0.0,0.7204011771705011,0.10070157051086426,166197,358193,1564263,1331,167528,524390
29,sample_428.jpg,sample_428.png,0.6913307309150696,0.5282700061798096,0.8574682868385596,0.5376707857805373,0.967963114492569,0.8356501561292373,0.6913302664296537,8.460885047912598,0.0,0.6181448844396469,0.10122275352478027,333593,286848,1458502,11041,344634,620441
30,sample_442.jpg,sample_442.png,0.4971756339073181,0.3308275043964386,0.8468418896986771,0.334035524692438,0.9717891246278867,0.8362837345931786,0.4971752397487981,8.148599624633789,0.0,0.6109666517193237,0.09996390342712402,158251,315504,1611635,4594,162845,473755
31,sample_25.jpg,sample_25.png,0.7665804624557495,0.6215083003044128,0.8962566220602646,0.6382609506264754,0.9594795619180119,0.8826083010649279,0.7665799911791589,9.8403959274292,0.0,0.7922768639647819,0.09902715682983398,356036,201786,1517126,15036,371072,557822
32,sample_437.jpg,sample_437.png,0.7593356370925903,0.6120395660400391,0.8849833300159236,0.6457338627840304,0.9214418485987986,0.8760436098280737,0.7593351788663892,9.3923921585083,0.0,0.7323954888244532,0.10071778297424316,379224,208052,1470377,32331,411555,587276
33,sample_519.jpg,sample_519.png,0.6665064096450806,0.4998197555541992,0.88382781877756,0.50443050080771,0.982040799805788,0.8706615139854543,0.6665059715612429,9.348978042602539,0.0,0.5251644374634398,0.09608292579650879,242623,238361,1604563,4437,247060,480984
34,sample_73.jpg,sample_73.png,0.8221548795700073,0.6980161666870117,0.9131825889576188,0.7209395869328985,0.9564318096820208,0.9016988439432958,0.8221544067294422,10.613931655883789,0.0,0.8094509357624472,0.10745692253112793,419403,162342,1489134,19105,438508,581745
35,sample_68.jpg,sample_68.png,0.30760812759399414,0.18175940215587616,0.8123023908317002,0.18257741311820477,0.9759430158590634,0.80499936022274,0.30760786417844177,7.2654128074646,0.0,0.6380448474015318,0.09710860252380371,87140,390137,1610559,2148,89288,477277
36,sample_193.jpg,sample_193.png,0.7681310176849365,0.6235492825508118,0.888398205487311,0.6788374736416205,0.8844737107682802,0.8894351531377563,0.7681305184057083,9.523287773132324,0.0,0.7279810274427133,0.09344148635864258,350570,165857,1334231,45790,396360,516427
37,sample_86.jpg,sample_86.png,0.8027272820472717,0.6704631447792053,0.9008920642454679,0.6975558968999358,0.945242687959929,0.8888655738184192,0.8027267806306873,10.038915634155273,0.0,0.6139138080055881,0.09807348251342773,421427,182721,1461423,24413,445840,604148
38,sample_172.jpg,sample_172.png,0.7022472023963928,0.5411255359649658,0.8374485163522783,0.541125541126161,1.0,0.7989000561752718,0.7022467353404213,7.8900909423828125,0.0,0.5039362686709741,0.09819316864013672,400625,339730,1349629,0,400625,740355
39,sample_368.jpg,sample_368.png,0.7797310948371887,0.6389830112457275,0.8984053346044817,0.6610611406202049,0.9503286989431184,0.8862877363491718,0.7797306007494723,9.931290626525879,0.0,0.5373066014782197,0.09406185150146484,341015,174845,1362764,17824,358839,515860
40,sample_310.jpg,sample_310.png,0.8194957971572876,0.6941913366317749,0.9104782568694799,0.7130434490207694,0.9633114213417877,0.8963529944749595,0.8194953237537697,10.480714797973633,0.0,0.794697295083245,0.10179424285888672,424094,170672,1475994,16152,440246,594766
41,sample_140.jpg,sample_140.png,0.22075918316841125,0.12407493591308594,0.8295943892393435,0.12408378508888125,0.9994254809121099,0.8253911361913319,0.22075899141938174,7.685161113739014,0.0,0.7128325164302379,0.09623908996582031,50448,356116,1683391,29,50477,406564
42,sample_163.jpg,sample_163.png,0.656032919883728,0.48813167214393616,0.8584883903417443,0.489911412194737,0.9926128225071615,0.8373845345360381,0.6560324752042005,8.492079734802246,0.0,0.6222450057988139,0.0979928970336914,282042,293658,1512185,2099,284141,575700
43,sample_277.jpg,sample_277.png,0.735166072845459,0.5812352895736694,0.8974477407094594,0.5925479105283562,0.9681981716732558,0.8852536119325369,0.7351656269548654,9.890547752380371,0.0,0.7825495522071634,0.09486031532287598,269649,185418,1430476,8857,278506,455067
44,sample_434.jpg,sample_434.png,0.4761030972003937,0.31242474913597107,0.8330728847684958,0.31365860511450533,0.987565412409746,0.8202200196532197,0.47610272711345114,7.774731636047363,0.0,0.4729789490656358,0.09876394271850586,158524,346879,1582585,1996,160520,505403
45,sample_371.jpg,sample_371.png,0.7748535871505737,0.6324579119682312,0.8998700468520333,0.6489361510424965,0.9614005579806939,0.8864347427655364,0.7748530934974402,9.994359970092773,0.0,0.746252488056293,0.09732246398925781,360107,194812,1520607,14458,374565,554919
46,sample_171.jpg,sample_171.png,0.6996850371360779,0.5380889177322388,0.8780890188633023,0.5436575242611216,0.9813199674670493,0.8606215755667004,0.6996846013435286,9.139572143554688,0.0,0.5597447118479888,0.10170793533325195,296812,249142,1538380,5650,302462,545954
47,sample_45.jpg,sample_45.png,0.7831178903579712,0.6435445547103882,0.885056057845419,0.6702079328488312,0.9417794907986715,0.8690246271922957,0.7831173927408127,9.395139694213867,0.0,0.6182357015072423,0.09990644454956055,433713,213419,1416040,26812,460525,647132
48,sample_214.jpg,sample_214.png,0.8204267621040344,0.6955284476280212,0.9143962818911987,0.7438363472991771,0.9146001908846171,0.9143408271276867,0.8204262742047859,10.675073623657227,0.0,0.8444281458480954,0.09609842300415039,370853,127715,1363252,34628,405481,498568
49,sample_597.jpg,sample_597.png,0.7319250702857971,0.5771938562393188,0.877415012668919,0.5880458755254706,0.9690180279865722,0.8582931034263641,0.73192460170678,9.11562728881836,0.0,0.6931425367538483,0.09807801246643066,317022,222089,1345153,10136,327158,539111
50,sample_524.jpg,sample_524.png,0.6488953828811646,0.48027026653289795,0.8458954709701126,0.48647424958730284,0.9741331343323509,0.8239392577467085,0.6488949272641253,8.121845245361328,0.0,0.622798738176022,0.10485076904296875,297623,314173,1470285,7903,305526,611796
51,sample_139.jpg,sample_139.png,0.7134984731674194,0.554603636264801,0.879132567522048,0.5574470950816591,0.9908865241524724,0.8591187119967487,0.7134979836820814,9.17690658569336,0.0,0.5880218786613692,0.09782075881958008,314549,249718,1522824,2893,317442,564267
52,sample_344.jpg,sample_344.png,0.7510911822319031,0.6013979315757751,0.8827254179936306,0.6074426932338881,0.9837226438534061,0.8605751363865503,0.7510907166014171,9.307960510253906,0.0,0.7125223135162817,0.09608840942382812,369802,238983,1475080,6119,375921,608785
53,sample_418.jpg,sample_418.png,0.7859259843826294,0.6473460793495178,0.8948116349216071,0.6591622591958107,0.9730544986328973,0.8754418722370672,0.7859255280897623,9.780323028564453,0.0,0.7727450898855905,0.09919333457946777,403551,208667,1466591,11175,414726,612218
54,sample_431.jpg,sample_431.png,0.7691501379013062,0.6248935461044312,0.8931776511207742,0.6472544511954014,0.9476111371559192,0.880591765753863,0.7691496342155432,9.71337890625,0.0,0.6826835548926893,0.10441994667053223,371926,202695,1494801,20562,392488,574621
55,sample_19.jpg,sample_19.png,0.7517809271812439,0.6022828817367554,0.8965016000122489,0.622380851048377,0.9491122237290396,0.8860952103674775,0.7517804655147228,9.850663185119629,0.0,0.7223280539024803,0.09424328804016113,327569,198747,1546105,17563,345132,526316
56,sample_451.jpg,sample_451.png,0.747892439365387,0.5973069071769714,0.8785741900416463,0.6346731321421303,0.9102767171190508,0.8707542155868772,0.7478919804423322,9.156889915466309,0.0,0.6864612721380197,0.09833478927612305,376424,216675,1459782,37103,413527,593099
57,sample_185.jpg,sample_185.png,0.7629019021987915,0.6166867017745972,0.887804463924136,0.6302049773379269,0.966385581963999,0.8697557100942666,0.7629014449351118,9.500244140625,0.0,0.6440331564856984,0.09726977348327637,342316,200866,1341359,11907,354223,543182
58,sample_93.jpg,sample_93.png,0.7137729525566101,0.5549354553222656,0.8734320454127878,0.6075437568852253,0.865022436814038,0.8753086426979042,0.7137724964954529,8.976762771606445,0.0,0.7603881293536123,0.09629416465759277,329827,213059,1495632,51466,381293,542886
59,sample_410.jpg,sample_410.png,0.7044364809989929,0.543729841709137,0.8665980218030377,0.5536344807023286,0.9681452752613966,0.846647671944402,0.7044360425944733,8.748377799987793,0.0,0.5678659548475031,0.10289621353149414,332251,267876,1478925,10932,343183,600127
60,sample_299.jpg,sample_299.png,0.777263879776001,0.635675847530365,0.8920269246080352,0.6935017401969636,0.8840393907282613,0.8941900766144386,0.7772633692047781,9.666845321655273,0.0,0.7756749317996985,0.09690332412719727,393737,174015,1470585,51647,445384,567752
61,sample_243.jpg,sample_243.png,0.6894559264183044,0.526083767414093,0.8775277705475257,0.5343778621584276,0.9713425223230526,0.8622600781102988,0.6894554940272909,9.119624137878418,0.0,0.5643837591334997,0.09587287902832031,284141,247582,1549878,8383,292524,531723
62,sample_78.jpg,sample_78.png,0.7703473567962646,0.6264755725860596,0.8923551567858893,0.6321166097930379,0.9859552396755048,0.8713736887761921,0.7703468774178683,9.680068016052246,0.0,0.7849227260426705,0.10717391967773438,377330,219601,1487678,5375,382705,596931
63,sample_414.jpg,sample_414.png,0.7049229145050049,0.5443096160888672,0.8724621815286624,0.556628018378526,0.9609306621114617,0.8557945014642733,0.7049224318842819,8.943610191345215,0.0,0.6791841854178157,0.10598611831665039,318389,253607,1505043,12945,331334,571996
64,sample_90.jpg,sample_90.png,0.7695435881614685,0.6254131197929382,0.8907800251102401,0.6358770551162479,0.9743625142530554,0.871535720298303,0.7695431079861195,9.616979598999023,0.0,0.7425411606487783,0.10577964782714844,381118,218240,1480598,10028,391146,599358
65,sample_247.jpg,sample_247.png,0.7384067177772522,0.5852969288825989,0.8786507601351351,0.6304014984307862,0.8910719778532675,0.8756952939578199,0.7384062221277916,9.159629821777344,0.0,0.7902568231434166,0.1194159984588623,324450,190222,1340066,39662,364112,514672
66,sample_104.jpg,sample_104.png,0.739189624786377,0.5862813591957092,0.882642163767761,0.6595978055225177,0.8406255214899895,0.8930047927087047,0.7391891189302073,9.304878234863281,0.0,0.6458371060772183,0.1077737808227539,347581,179378,1497127,65898,413479,526959
67,sample_357.jpg,sample_357.png,0.7364311814308167,0.5828184485435486,0.8857307041585007,0.6045586244768226,0.9418848876996119,0.8742709228717203,0.7364307320949878,9.420703887939453,0.0,0.6958238374173038,0.1108095645904541,333642,218235,1517521,20586,354228,551877
68,sample_514.jpg,sample_514.png,0.510813295841217,0.3430149555206299,0.8224507938816756,0.34800383677310953,0.959883470325263,0.8077596712545115,0.5108129321369548,7.50681209564209,0.0,0.6512738478742677,0.10345125198364258,193740,362978,1525169,8097,201837,556718
69,sample_303.jpg,sample_303.png,0.7903109192848206,0.653317391872406,0.9040131407704557,0.6674741254203539,0.9685566495270084,0.8891909749168575,0.7903104480766069,10.177881240844727,0.0,0.8028903438822204,0.11609005928039551,378048,188338,1511325,12273,390321,566386
70,sample_488.jpg,sample_488.png,0.7528060674667358,0.6035998463630676,0.8870929871503925,0.605037057023794,0.9960799773460556,0.8643576512559351,0.75280558349463,9.472790718078613,0.0,0.5722229602483218,0.11951041221618652,358790,234215,1492495,1412,360202,593005
71,sample_92.jpg,sample_92.png,0.7022315859794617,0.5411069989204407,0.8701219722256247,0.5889375263358174,0.869496949314969,0.8702555942086974,0.7022311114005181,8.864643096923828,0.0,0.7453044956386614,0.1103525161743164,320074,223403,1498467,48040,368114,543477
72,sample_283.jpg,sample_283.png,0.7425774931907654,0.5905552506446838,0.891234574044586,0.6202748848347565,0.9249553557576968,0.8843472974881321,0.7425769835586881,9.635091781616211,0.0,0.6493521508440885,0.1092369556427002,327868,200717,1534798,26601,354469,528585
73,sample_80.jpg,sample_80.png,0.8120592832565308,0.6835857033729553,0.9084356626653601,0.7532553660936276,0.8808218623570576,0.9164333698833856,0.8120587898929461,10.382737159729004,0.0,0.7570746016356897,0.12079548835754395,413434,135429,1485182,55939,469373,548863
74,sample_123.jpg,sample_123.png,0.5522973537445068,0.38149920105934143,0.834648016444145,0.3878287702149327,0.9589749818923111,0.8198516360989451,0.5522969640733302,7.815905570983887,0.0,0.6249005758143221,0.10737133026123047,213160,336464,1531241,9119,222279,549624
75,sample_567.jpg,sample_567.png,0.7382918000221252,0.5851525664329529,0.8837018523061825,0.6120471416114607,0.9301504151634293,0.8737561552281776,0.7382913184149592,9.344271659851074,0.0,0.7338501434025625,0.10708212852478027,342340,216996,1501868,25708,368048,559336
76,sample_315.jpg,sample_315.png,0.35672369599342346,0.21708077192306519,0.8242460229360608,0.217550485094311,0.9901517581980522,0.8156581147720521,0.3567233863274884,7.550948143005371,0.0,0.7651661831316199,0.10716485977172852,101848,366310,1620813,1013,102861,468158
77,sample_301.jpg,sample_301.png,0.7959575653076172,0.6610710620880127,0.8980049608035277,0.6797979137378114,0.959995751597861,0.881800733909588,0.7959571072269561,9.914209365844727,0.0,0.7764344376169633,0.10848498344421387,415778,195842,1461038,17326,433104,611620
78,sample_186.jpg,sample_186.png,0.4769696891307831,0.31317150592803955,0.8245843030377266,0.32953591155996653,0.8631345780501924,0.8206471297973009,0.47696929532484816,7.5593156814575195,0.0,0.4456220572545672,0.11615347862243652,167165,340109,1556203,26507,193672,507274
79,sample_126.jpg,sample_126.png,0.7410194873809814,0.5885869264602661,0.876313077429026,0.5945509268634511,0.9832429833811425,0.8528457336583716,0.7410190301737237,9.076761245727539,0.0,0.7756806465956504,0.1154015064239502,370190,252448,1463085,6309,376499,622638
80,sample_128.jpg,sample_128.png,0.6049781441688538,0.4336692988872528,0.8450098182569818,0.436665786463451,0.9844229342033296,0.8258976687300424,0.6049777273385122,8.09695816040039,0.0,0.4926400875427398,0.11159276962280273,248048,320002,1518009,3925,251973,568050
81,sample_490.jpg,sample_490.png,0.7739521265029907,0.6312576532363892,0.8802751248650108,0.6772964251119074,0.9027871327374224,0.8736631061643623,0.7739516149342571,9.218155860900879,0.0,0.777978236077052,0.10855340957641602,388695,185197,1280701,41855,430550,573892
82,sample_180.jpg,sample_180.png,0.5161733627319336,0.34786635637283325,0.8652525569573738,0.3502753722553704,0.9806128177345026,0.8561279230066986,0.5161729802207714,8.704794883728027,0.0,0.6343420921225595,0.10515213012695312,150224,278650,1658140,2970,153194,428874
83,sample_66.jpg,sample_66.png,0.799916684627533,0.6665509939193726,0.892469383445946,0.6776321482542025,0.9760540760805003,0.8688636009776072,0.7999162243667829,9.684678077697754,0.0,0.7516685830173933,0.10349249839782715,407200,193716,1283494,9990,417190,600916
84,sample_194.jpg,sample_194.png,0.6502724885940552,0.4817805886268616,0.8513385748407644,0.48607993268912736,0.9819721508315928,0.8299408406596679,0.6502720675932308,8.278017044067383,0.0,0.5355849538229291,0.11129522323608398,288853,305397,1490431,5303,294156,594250
85,sample_228.jpg,sample_228.png,0.7510313987731934,0.601321280002594,0.8888326417809898,0.6224524233291371,0.9465609265943488,0.8764054221267773,0.7510309164681103,9.540226936340332,0.0,0.6911212024331926,0.10543155670166016,350432,212554,1507214,19784,370216,562986
86,sample_306.jpg,sample_306.png,0.7975545525550842,0.6632770895957947,0.9140620215274375,0.6767084404462054,0.9709452468708002,0.902050471632292,0.7975540613288475,10.658148765563965,0.0,0.7383240239454979,0.11190295219421387,353794,169022,1556581,10587,364381,522816
87,sample_326.jpg,sample_326.png,0.5454046130180359,0.3749527931213379,0.8796072123040176,0.37522777273843055,0.9980494062260438,0.8703678869043989,0.5454042181948913,9.193995475769043,0.0,0.6824496629430701,0.11081075668334961,150941,251324,1687424,295,151236,402265
88,sample_354.jpg,sample_354.png,0.7927278876304626,0.6566272974014282,0.9064791883574228,0.6803797180335478,0.9495175819654673,0.8964919809803115,0.7927273802125582,10.29091739654541,0.0,0.6598491835282084,0.10869407653808594,373770,175585,1520757,19872,393642,549355
89,sample_121.jpg,sample_121.png,0.7878164649009705,0.6499151587486267,0.8955273226579373,0.6903980253593295,0.9172439762793898,0.8897041024441541,0.7878159881895742,9.809972763061523,0.14285714285714285,0.7406469094608759,0.10955381393432617,367813,164942,1330508,33185,400998,532755
90,sample_202.jpg,sample_202.png,0.7242204546928406,0.5676689743995667,0.8846364374081332,0.5910847647505768,0.9347669467755958,0.8749419005017541,0.7242199678353303,9.379313468933105,0.0,0.7861561701318416,0.11477088928222656,316585,219015,1532291,22093,338678,535600
